Rk,Player,Age,Team,Pos,G,GS,MP,FG,FGA,FG%,3P,3PA,3P%,2P,2PA,2P%,eFG%,FT,FTA,FT%,ORB,DRB,TRB,AST,STL,BLK,TOV,PF,PTS,Trp-Dbl,Awards,Player-additional
1,Luka Dončić,26,LAL,PG,64,64,2289,693,1457,.476,254,694,.366,439,763,.575,.563,503,645,.780,41,454,495,530,105,34,255,153,2143,8,MVP-4CPOY-8ASNBA1,doncilu01
2,Shai Gilgeous-Alexander,27,OKC,PG,68,68,2259,731,1321,.553,115,298,.386,616,1023,.602,.597,540,614,.879,38,254,292,448,95,52,151,139,2117,0,MVP-1CPOY-1ASNBA1,gilgesh01
3,Jaylen Brown,29,BOS,SF,71,71,2443,736,1543,.477,140,404,.347,596,1139,.523,.522,426,536,.795,81,411,492,364,72,27,259,191,2038,3,MVP-6ASNBA2,brownja02
4,Kevin Durant,37,HOU,SF,78,78,2840,716,1376,.520,186,450,.413,530,926,.572,.588,408,467,.874,41,385,426,372,62,71,246,142,2026,0,CPOY-9ASNBA2,duranke01
5,Tyrese Maxey,25,PHI,PG,70,70,2661,694,1501,.462,220,599,.367,474,902,.525,.536,372,417,.892,24,266,290,461,130,55,171,151,1980,0,CPOY-7ASNBA3,maxeyty01
6,Donovan Mitchell,29,CLE,SG,70,70,2342,678,1403,.483,224,616,.364,454,787,.577,.563,372,430,.865,50,266,316,398,104,20,198,163,1952,0,MVP-7ASNBA2,mitchdo01
7,Jalen Brunson,29,NYK,PG,74,74,2590,689,1475,.467,195,528,.369,494,947,.522,.533,354,421,.841,31,216,247,503,57,8,175,170,1927,0,CPOY-5ASNBA2,brunsja01
8,Jamal Murray,28,DEN,PG,75,75,2652,657,1360,.483,245,563,.435,412,797,.517,.573,346,390,.887,32,298,330,535,66,29,171,131,1905,0,CPOY-2ASNBA3,murraja01
9,Kawhi Leonard,34,LAC,SF,65,65,2085,635,1258,.505,172,445,.387,463,813,.569,.573,371,416,.892,71,342,413,234,122,27,133,78,1813,0,MVP-7CPOY-10ASNBA2,leonaka01
10,Nikola Jokić,30,DEN,C,65,65,2265,644,1132,.569,112,295,.380,532,837,.636,.618,399,480,.831,192,644,836,697,92,53,243,173,1799,34,MVP-2CPOY-6ASNBA1,jokicni01
11,Anthony Edwards,24,MIN,SG,61,60,2137,602,1231,.489,205,514,.399,397,717,.554,.572,348,437,.796,36,266,302,226,83,49,174,118,1757,0,CPOY-3AS,edwaran01
12,Devin Booker,29,PHO,SG,64,64,2146,546,1198,.456,122,370,.330,424,828,.512,.507,454,520,.873,48,200,248,386,51,18,201,168,1668,0,AS,bookede01
13,Julius Randle,31,MIN,PF,79,79,2610,580,1207,.481,109,346,.315,471,861,.547,.526,398,496,.802,132,400,532,398,86,18,217,223,1667,3,,randlju01
14,Brandon Ingram,28,TOR,SF,77,77,2604,614,1288,.477,135,353,.382,479,935,.512,.529,292,356,.820,63,367,430,284,58,55,187,148,1655,0,AS,ingrabr01
15,James Harden,36,2TM,PG,70,70,2438,487,1123,.434,215,573,.375,272,550,.495,.529,463,524,.884,40,296,336,557,79,28,245,137,1652,2,,hardeja01
15,James Harden,36,LAC,PG,44,44,1559,323,771,.419,135,389,.347,188,382,.492,.506,337,374,.901,27,185,212,358,57,16,162,83,1118,2,,hardeja01
15,James Harden,36,CLE,PG,26,26,879,164,352,.466,80,184,.435,84,168,.500,.580,126,150,.840,13,111,124,199,22,12,83,54,534,0,,hardeja01
16,Desmond Bane,27,ORL,SG,82,82,2756,583,1205,.484,167,427,.391,416,778,.535,.553,314,346,.908,98,240,338,338,86,37,164,252,1647,0,,banede01
17,Nickeil Alexander-Walker,27,ATL,SG,78,71,2603,548,1195,.459,251,629,.399,297,566,.525,.564,277,307,.902,52,216,268,286,102,42,162,173,1624,0,MIP-1,alexani01
18,Jalen Johnson,24,ATL,SF,72,72,2532,600,1228,.489,120,341,.352,480,887,.541,.537,301,382,.788,101,639,740,566,89,31,244,151,1621,13,ASNBA3,johnsja05
19,Victor Wembanyama,22,SAS,C,64,55,1866,553,1080,.512,122,350,.349,431,730,.590,.569,372,450,.827,130,606,736,199,66,197,155,156,1600,1,MVP-3DPOY-1ASNBA1DEF1,wembavi01
20,Paolo Banchero,23,ORL,PF,72,72,2502,529,1152,.459,84,275,.305,445,877,.507,.496,457,590,.775,85,519,604,373,51,40,222,144,1599,3,,banchpa01
21,Deni Avdija,25,POR,SF,66,66,2199,492,1064,.462,125,393,.318,367,671,.547,.521,489,610,.802,74,380,454,442,51,41,253,168,1598,3,AS,avdijde01
22,Cade Cunningham,24,DET,PG,64,64,2172,548,1189,.461,125,366,.342,423,823,.514,.513,310,382,.812,56,299,355,634,92,54,236,196,1531,3,MVP-5CPOY-4ASNBA1,cunnica01
23,Karl-Anthony Towns,30,NYK,C,75,75,2322,517,1032,.501,113,307,.368,404,725,.557,.556,357,416,.858,233,656,889,226,65,40,187,255,1504,1,AS,townska01
24,Kon Knueppel,20,CHO,SF,81,80,2551,515,1084,.475,273,642,.425,242,442,.548,.601,195,226,.863,97,335,432,274,57,19,161,169,1498,0,ROY-2,knuepko01
25,Pascal Siakam,31,IND,PF,62,62,2057,559,1155,.484,105,293,.358,454,862,.527,.529,262,378,.693,89,322,411,236,69,25,138,147,1485,0,AS,siakapa01
26,Cooper Flagg,19,DAL,SF,70,70,2344,559,1194,.468,72,244,.295,487,950,.513,.498,283,342,.827,86,380,466,316,84,64,161,142,1473,0,ROY-1,flaggco01
27,Bam Adebayo,28,MIA,C,73,73,2365,506,1145,.442,127,400,.318,379,745,.509,.497,329,423,.778,149,583,732,232,86,49,120,122,1468,0,DPOY-11DEF2,adebaba01
28,Alperen Şengün,23,HOU,C,72,72,2398,583,1123,.519,40,131,.305,543,992,.547,.537,260,376,.691,215,425,640,445,85,77,227,238,1466,4,AS,sengual01
29,Scottie Barnes,24,TOR,PF,80,80,2681,569,1123,.507,68,224,.304,501,899,.557,.537,242,297,.815,149,451,600,474,114,116,210,211,1448,3,DPOY-5ASDEF2,barnesc01
30,LaMelo Ball,24,CHO,PG,72,69,2017,506,1244,.407,272,740,.368,234,504,.464,.516,161,179,.899,65,282,347,514,87,17,202,195,1445,1,,ballla01
31,Amen Thompson,23,HOU,PG,79,79,2953,557,1044,.534,25,116,.216,532,928,.573,.545,304,390,.779,235,379,614,420,119,48,190,175,1443,0,DPOY-8,thompam01
32,CJ McCollum,34,2TM,PG,76,60,2264,525,1154,.455,191,510,.375,334,644,.519,.538,183,237,.772,62,190,252,293,64,35,135,144,1424,0,,mccolcj01
32,CJ McCollum,34,WAS,SG,35,35,1082,240,529,.454,96,244,.393,144,285,.505,.544,82,102,.804,23,101,124,126,24,9,58,73,658,0,,mccolcj01
32,CJ McCollum,34,ATL,PG,41,25,1182,285,625,.456,95,266,.357,190,359,.529,.532,101,135,.748,39,89,128,167,40,26,77,71,766,0,,mccolcj01
33,Trey Murphy III,25,NOP,SF,66,66,2341,494,1050,.470,214,565,.379,280,485,.577,.572,218,246,.886,63,314,377,250,99,24,120,138,1420,0,,murphtr02
34,DeMar DeRozan,36,SAC,PF,77,77,2406,499,1005,.497,47,147,.320,452,858,.527,.520,374,431,.868,35,191,226,316,80,23,96,149,1419,0,,derozde01
35,Jalen Duren,22,DET,C,70,70,1976,522,803,.650,0,0,,522,803,.650,.650,321,430,.747,265,472,737,138,57,59,130,195,1365,0,DPOY-11ASNBA3,durenja01
36,Payton Pritchard,28,BOS,PG,79,50,2556,506,1091,.464,212,562,.377,294,529,.556,.561,121,136,.890,69,243,312,408,58,10,109,118,1345,0,,pritcpa01
37,De'Aaron Fox,28,SAS,PG,72,72,2231,509,1047,.486,131,395,.332,378,652,.580,.549,187,246,.760,42,228,270,445,89,19,164,162,1336,0,AS,foxde01
38,Miles Bridges,27,CHO,PF,77,77,2387,479,1042,.460,148,445,.333,331,597,.554,.531,208,253,.822,75,375,450,246,46,34,107,131,1314,0,,bridgmi02
39,Brandon Miller,23,CHO,SF,65,65,1968,454,1044,.435,204,533,.383,250,511,.489,.533,199,223,.892,70,249,319,217,66,44,163,180,1311,0,,millebr02
40,Zion Williamson,25,NOP,PF,62,55,1841,484,807,.600,1,4,.250,483,803,.601,.600,333,465,.716,125,228,353,199,60,34,126,141,1302,0,,willizi01
41,Ryan Rollins,23,MIL,PG,74,67,2376,486,1030,.472,184,453,.406,302,577,.523,.561,125,157,.796,54,284,338,414,110,31,201,193,1281,0,,rolliry01
42,Keyonte George,22,UTA,PG,54,54,1786,402,881,.456,134,361,.371,268,520,.515,.532,337,378,.892,23,176,199,332,58,14,166,120,1275,0,,georgke01
43,Saddiq Bey,26,NOP,SF,72,64,2246,436,967,.451,151,412,.367,285,555,.514,.529,248,295,.841,121,279,400,182,68,7,68,95,1271,0,,beysa01
44,Derrick White,31,BOS,SG,77,77,2625,437,1108,.394,209,640,.327,228,468,.487,.489,184,204,.902,86,253,339,414,88,98,134,119,1267,0,DPOY-6DEF1,whitede01
45,Norman Powell,32,MIA,SG,58,52,1717,421,895,.470,156,410,.380,265,485,.546,.558,263,318,.827,22,181,203,143,64,14,111,127,1261,0,AS,powelno01
46,Michael Porter Jr.,27,BRK,SF,52,52,1689,444,958,.463,176,485,.363,268,473,.567,.555,195,227,.859,69,298,367,158,55,13,122,116,1259,0,,portemi01
47,LeBron James,41,LAL,SF,60,60,1989,473,919,.515,77,243,.317,396,676,.586,.557,233,316,.737,43,321,364,432,72,35,179,81,1256,3,AS,jamesle01
48,Matas Buzelis,21,CHI,PF,77,77,2248,446,963,.463,173,495,.349,273,468,.583,.553,187,238,.786,77,371,448,158,55,116,159,177,1252,0,,buzelma01
49,Jabari Smith Jr.,22,HOU,PF,77,77,2705,438,974,.450,177,488,.363,261,486,.537,.541,162,209,.775,108,421,529,143,56,71,105,192,1215,0,,smithja05
50,VJ Edgecombe,20,PHI,SG,75,75,2623,451,1030,.438,149,421,.354,302,609,.496,.510,148,181,.818,122,301,423,315,107,39,137,214,1199,0,ROY-3,edgecvj01
51,Austin Reaves,27,LAL,SG,51,45,1762,373,762,.490,118,328,.360,255,434,.588,.567,323,371,.871,33,207,240,280,56,20,151,110,1187,0,,reaveau01
52,Mikal Bridges,29,NYK,SF,82,82,2692,472,963,.490,156,420,.371,316,543,.582,.571,81,98,.827,79,233,312,304,107,62,83,160,1181,0,,bridgmi01
53,Chet Holmgren,23,OKC,PF,69,69,1997,434,779,.557,88,243,.362,346,536,.646,.614,225,284,.792,130,485,615,115,43,131,107,158,1181,0,DPOY-2ASNBA3DEF1,holmgch01
54,Evan Mobley,24,CLE,PF,65,63,2074,469,859,.546,62,209,.297,407,650,.626,.582,180,297,.606,156,430,586,234,48,113,122,159,1180,0,,mobleev01
55,Jeremiah Fears,19,NOP,PG,82,49,2112,437,1006,.434,101,306,.330,336,700,.480,.485,194,246,.789,60,240,300,279,97,30,178,151,1169,0,,fearsje01
56,Jaime Jaquez Jr.,24,MIA,SF,75,1,2121,464,915,.507,58,183,.317,406,732,.555,.539,166,216,.769,96,279,375,352,51,21,152,137,1152,0,6MOY-2,jaqueja01
57,Immanuel Quickley,26,TOR,PG,70,70,2231,401,905,.443,178,476,.374,223,429,.520,.541,170,207,.821,38,244,282,415,92,5,102,141,1150,0,,quickim01
58,Stephen Curry,37,GSW,PG,43,41,1329,374,799,.468,190,484,.393,184,315,.584,.587,204,221,.923,17,137,154,203,49,17,121,75,1142,0,AS,curryst01
59,Stephon Castle,21,SAS,PG,68,67,2038,385,817,.471,81,244,.332,304,573,.531,.521,282,384,.734,98,264,362,502,78,19,217,222,1133,5,,castlst01
60,Brandin Podziemski,22,GSW,SG,82,43,2333,394,866,.455,153,412,.371,241,454,.531,.543,192,241,.797,72,347,419,304,88,15,131,136,1133,0,,podzibr01
61,Dillon Brooks,30,PHO,SF,56,56,1702,417,959,.435,127,369,.344,290,590,.492,.501,170,202,.842,43,160,203,99,57,9,98,183,1131,0,,brookdi01
62,Naji Marshall,28,DAL,SF,74,47,2184,419,821,.510,62,213,.291,357,608,.587,.548,228,300,.760,65,283,348,241,82,6,119,143,1128,0,,marshna01
63,Lauri Markkanen,28,UTA,PF,42,42,1443,384,805,.477,115,324,.355,269,481,.559,.548,240,268,.896,84,205,289,89,42,21,63,77,1123,0,,markkla01
64,Onyeka Okongwu,25,ATL,C,74,63,2297,413,860,.480,144,383,.376,269,477,.564,.564,153,202,.757,140,422,562,231,82,79,127,243,1123,0,,okongon01
65,OG Anunoby,28,NYK,PF,67,67,2224,389,804,.484,157,407,.386,232,397,.584,.581,183,221,.828,85,266,351,145,104,48,123,164,1118,0,DPOY-10DEF2,anunoog01
66,Brice Sensabaugh,22,UTA,SF,75,22,1762,394,857,.460,162,442,.367,232,415,.559,.554,166,201,.826,56,175,231,143,54,12,124,143,1116,0,,sensabr01
67,Reed Sheppard,21,HOU,SG,82,21,2147,407,946,.430,227,576,.394,180,370,.486,.550,69,86,.802,28,210,238,277,122,54,123,166,1110,0,6MOY-6,sheppre01
68,Toumani Camara,25,POR,PF,82,82,2731,392,891,.440,219,592,.370,173,299,.579,.563,97,137,.708,129,292,421,201,94,35,144,237,1100,0,,camarto01
69,RJ Barrett,25,TOR,SF,57,57,1726,401,816,.491,96,283,.339,305,533,.572,.550,200,279,.717,55,245,300,189,42,19,99,147,1098,0,,barrerj01
70,Jaden McDaniels,25,MIN,PF,73,73,2316,417,809,.515,103,250,.412,314,559,.562,.579,147,176,.835,76,234,310,199,81,73,131,244,1084,0,,mcdanja02
71,Keldon Johnson,26,SAS,SF,82,0,1911,414,797,.519,99,273,.363,315,524,.601,.582,154,194,.794,137,303,440,111,46,11,70,162,1081,0,6MOY-1,johnske04
72,Tim Hardaway Jr.,33,DEN,SG,80,6,2127,348,779,.447,224,550,.407,124,229,.541,.591,159,196,.811,17,189,206,108,42,10,43,100,1079,0,6MOY-3,hardati02
73,Jerami Grant,31,POR,PF,57,38,1695,331,730,.453,136,350,.389,195,380,.513,.547,262,322,.814,55,143,198,122,42,36,119,142,1060,0,,grantje01
74,Collin Sexton,27,2TM,SG,68,22,1614,360,742,.485,112,279,.401,248,463,.536,.561,218,255,.855,41,114,155,223,76,10,141,144,1050,0,,sextoco01
74,Collin Sexton,27,CHO,SG,42,12,938,202,414,.488,57,145,.393,145,269,.539,.557,135,154,.877,18,62,80,157,36,7,89,75,596,0,,sextoco01
74,Collin Sexton,27,CHI,SG,26,10,676,158,328,.482,55,134,.410,103,194,.531,.566,83,101,.822,23,52,75,66,40,3,52,69,454,0,,sextoco01
75,Naz Reid,26,MIN,C,77,3,2007,397,871,.456,162,448,.362,235,423,.556,.549,90,123,.732,90,387,477,170,76,78,126,195,1046,0,6MOY-4,reidna01
76,Andrew Wiggins,30,MIA,SF,68,68,2063,390,821,.475,138,333,.414,252,488,.516,.559,127,162,.784,115,214,329,182,76,69,103,156,1045,0,,wiggian01
77,Shaedon Sharpe,22,POR,SG,50,42,1471,392,868,.452,103,306,.337,289,562,.514,.511,155,197,.787,51,166,217,132,70,6,147,98,1042,0,,sharpsh01
78,Ayo Dosunmu,26,2TM,SG,69,19,1881,386,747,.517,123,280,.439,263,467,.563,.599,127,145,.876,47,190,237,249,58,18,96,130,1022,1,6MOY-9,dosunay01
78,Ayo Dosunmu,26,CHI,SG,45,10,1187,250,486,.514,87,193,.451,163,293,.556,.604,90,105,.857,33,103,136,164,34,12,61,78,677,0,,dosunay01
78,Ayo Dosunmu,26,MIN,SG,24,9,694,136,261,.521,36,87,.414,100,174,.575,.590,37,40,.925,14,87,101,85,24,6,35,52,345,1,,dosunay01
79,Joel Embiid,31,PHI,C,38,38,1201,341,697,.489,53,159,.333,288,538,.535,.527,286,335,.854,75,218,293,150,21,46,109,82,1021,1,,embiijo01
80,Collin Gillespie,26,PHO,PG,80,58,2282,352,842,.418,232,578,.401,120,264,.455,.556,76,87,.874,89,238,327,371,99,16,125,130,1012,0,,gilleco01
81,Quentin Grimes,25,PHI,SG,75,19,2206,340,755,.450,127,380,.334,213,375,.568,.534,199,237,.840,46,227,273,244,64,28,133,155,1006,0,,grimequ01
82,Donte DiVincenzo,29,MIN,SG,82,82,2494,339,835,.406,244,644,.379,95,191,.497,.552,78,105,.743,67,269,336,313,104,34,118,197,1000,0,,divindo01
83,Giannis Antetokounmpo,31,MIL,PF,36,36,1039,373,598,.624,15,45,.333,358,553,.647,.636,232,357,.650,98,254,352,196,34,24,115,86,993,0,AS,antetgi01
84,Ace Bailey,19,UTA,SF,72,61,1988,395,892,.443,137,398,.344,258,494,.522,.520,66,88,.750,104,198,302,131,60,49,107,193,993,0,,baileac01
85,Russell Westbrook,37,SAC,SF,64,58,1853,358,839,.427,128,379,.338,230,460,.500,.503,127,183,.694,80,268,348,426,83,12,209,147,971,6,,westbru01
86,Andrew Nembhard,26,IND,PG,57,57,1786,333,753,.442,107,296,.361,226,457,.495,.513,193,234,.825,25,135,160,437,51,8,137,126,966,0,,nembhan01
87,Nikola Vučević,35,2TM,C,64,49,1818,394,799,.493,100,271,.369,294,528,.557,.556,77,93,.828,125,412,537,213,39,41,85,127,965,0,,vucevni01
87,Nikola Vučević,35,CHI,C,48,48,1480,333,660,.505,82,218,.376,251,442,.568,.567,62,74,.838,100,331,431,181,32,31,69,97,810,0,,vucevni01
87,Nikola Vučević,35,BOS,C,16,1,338,61,139,.439,18,53,.340,43,86,.500,.504,15,19,.789,25,81,106,32,7,10,16,30,155,0,,vucevni01
88,Anthony Black,22,ORL,PG,64,40,1910,345,772,.447,100,300,.333,245,472,.519,.512,169,231,.732,47,197,244,236,91,45,132,170,959,0,,blackan01
89,Bennedict Mathurin,23,2TM,SF,54,25,1620,291,677,.430,75,238,.315,216,439,.492,.485,292,336,.869,55,238,293,129,43,13,118,137,949,0,,mathube01
89,Bennedict Mathurin,23,IND,SF,28,24,891,155,358,.433,58,156,.372,97,202,.480,.514,129,146,.884,22,129,151,63,17,4,64,76,497,0,,mathube01
89,Bennedict Mathurin,23,LAC,SF,26,1,729,136,319,.426,17,82,.207,119,237,.502,.453,163,190,.858,33,109,142,66,26,9,54,61,452,0,,mathube01
90,Derik Queen,21,NOP,C,81,48,2023,354,748,.473,23,88,.261,331,660,.502,.489,217,273,.795,136,436,572,298,84,74,190,215,948,2,,queende01
91,Max Christie,22,DAL,SG,77,68,2244,320,725,.441,180,446,.404,140,279,.502,.566,125,139,.899,15,234,249,151,47,27,96,98,945,0,,chrisma02
92,Duncan Robinson,31,DET,SG,77,77,2113,318,698,.456,220,536,.410,98,162,.605,.613,83,110,.755,29,176,205,159,44,22,54,168,939,0,,robindu01
93,John Collins,28,LAC,PF,69,56,1872,364,659,.552,89,219,.406,275,440,.625,.620,118,154,.766,110,257,367,70,60,51,95,187,935,0,,collijo01
94,Donovan Clingan,21,POR,C,77,77,2094,356,684,.520,84,246,.341,272,438,.621,.582,138,203,.680,347,545,892,162,44,130,95,182,934,0,,clingdo01
95,Devin Vassell,25,SAS,SG,67,65,2044,330,755,.437,166,432,.384,164,323,.508,.547,106,130,.815,39,230,269,167,57,25,60,106,932,0,,vassede01
96,Jaren Jackson Jr.,26,2TM,C,48,48,1454,342,719,.476,84,235,.357,258,484,.533,.534,163,203,.803,42,230,272,94,53,69,107,179,931,0,,jacksja02
96,Jaren Jackson Jr.,26,MEM,C,45,45,1382,318,670,.475,79,220,.359,239,450,.531,.534,149,187,.797,41,218,259,86,47,68,100,170,864,0,,jacksja02
96,Jaren Jackson Jr.,26,UTA,C,3,3,72,24,49,.490,5,15,.333,19,34,.559,.541,14,16,.875,1,12,13,8,6,1,7,9,67,0,,jacksja02
97,Wendell Carter Jr.,26,ORL,C,78,78,2288,326,637,.512,72,226,.319,254,411,.618,.568,198,250,.792,162,415,577,154,60,49,100,267,922,0,,cartewe01
98,Maxime Raynaud,22,SAC,C,74,56,1964,383,671,.571,24,74,.324,359,597,.601,.589,132,168,.786,142,414,556,100,38,39,94,170,922,0,,raynama01
99,Josh Giddey,23,CHI,PG,54,51,1731,321,717,.448,103,283,.364,218,434,.502,.520,174,228,.763,67,381,448,494,55,27,196,90,919,13,,giddejo01
100,Bobby Portis,30,MIL,PF,67,9,1619,366,750,.488,135,296,.456,231,454,.509,.578,48,68,.706,89,339,428,105,41,12,66,110,915,0,,portibo01
101,Tre Jones,26,CHI,PG,65,41,1752,341,617,.553,41,130,.315,300,487,.616,.586,191,227,.841,38,166,204,350,76,11,92,94,914,0,,jonestr01
102,Julian Champagnie,24,SAS,SF,82,68,2266,301,689,.437,195,512,.381,106,177,.599,.578,114,135,.844,74,399,473,127,62,38,69,131,911,0,,champju02
103,Dyson Daniels,22,ATL,SG,76,76,2520,402,777,.517,22,117,.188,380,660,.576,.532,75,122,.615,184,336,520,449,149,31,135,166,901,2,DPOY-9DEF2,daniedy01
104,Deandre Ayton,27,LAL,C,72,72,1958,403,601,.671,0,0,,403,601,.671,.671,91,141,.645,185,390,575,59,41,70,83,157,897,0,,aytonde01
105,Kyle Kuzma,30,MIL,PF,69,43,1806,339,689,.492,83,239,.347,256,450,.569,.552,135,186,.726,57,256,313,184,46,28,119,134,896,0,,kuzmaky01
106,Sandro Mamukelashvili,26,TOR,C,80,13,1751,330,631,.523,115,296,.389,215,335,.642,.614,118,158,.747,108,287,395,151,64,41,67,147,893,0,6MOY-10,mamuksa01
107,Jarace Walker,22,IND,PF,76,41,1953,307,733,.419,133,356,.374,174,377,.462,.510,137,183,.749,49,342,391,192,63,26,139,124,884,0,,walkeja02
108,Kyle Filipowski,22,UTA,C,77,41,1801,323,657,.492,74,228,.325,249,429,.580,.548,159,212,.750,144,408,552,198,73,39,125,232,879,0,,filipky01
109,Bub Carrington,20,WAS,PG,82,48,2271,314,741,.424,169,414,.408,145,327,.443,.538,81,111,.730,33,243,276,381,52,17,191,184,878,0,,carrica01
110,Jaylon Tyson,23,CLE,SG,66,42,1777,330,670,.493,133,298,.446,197,372,.530,.592,79,107,.738,118,220,338,147,54,28,99,164,872,0,,tysonja01
111,Coby White,25,2TM,SG,50,26,1249,278,623,.446,115,318,.362,163,305,.534,.539,197,241,.817,17,153,170,200,25,5,128,111,868,0,,whiteco01
111,Coby White,25,CHI,SG,29,26,843,172,393,.438,72,208,.346,100,185,.541,.529,124,154,.805,7,101,108,136,20,2,88,71,540,0,,whiteco01
111,Coby White,25,CHO,SG,21,0,406,106,230,.461,43,110,.391,63,120,.525,.554,73,87,.839,10,52,62,64,5,3,40,40,328,0,,whiteco01
112,Jrue Holiday,35,POR,PG,53,51,1560,320,709,.451,137,362,.378,183,347,.527,.548,88,105,.838,71,174,245,322,54,6,146,78,865,0,,holidjr01
113,Jaylen Wells,22,MEM,SG,69,69,1821,301,698,.431,129,365,.353,172,333,.517,.524,134,171,.784,61,159,220,111,61,9,74,148,865,0,,wellsja01
114,Jarrett Allen,27,CLE,C,56,56,1519,337,528,.638,1,10,.100,336,518,.649,.639,185,261,.709,144,332,476,100,55,47,75,95,860,0,,allenja01
115,Brandon Williams,26,DAL,PG,66,15,1463,291,617,.472,36,155,.232,255,462,.552,.501,241,304,.793,30,161,191,256,62,20,125,103,859,0,,willibr03
116,Kel'el Ware,21,MIA,C,77,34,1704,344,649,.530,92,233,.395,252,416,.606,.601,71,96,.740,217,477,694,56,59,84,62,119,851,0,,wareke01
117,Myles Turner,29,MIL,C,71,71,1912,284,646,.440,147,384,.383,137,262,.523,.553,131,177,.740,75,303,378,103,50,115,83,185,846,0,,turnemy01
118,Darius Garland,26,2TM,PG,45,43,1344,309,672,.460,122,308,.396,187,364,.514,.551,105,122,.861,18,89,107,301,43,8,130,84,845,0,,garlada01
118,Darius Garland,26,CLE,PG,26,26,792,170,377,.451,59,164,.360,111,213,.521,.529,68,79,.861,12,51,63,180,21,3,73,48,467,0,,garlada01
118,Darius Garland,26,LAC,PG,19,17,552,139,295,.471,63,144,.438,76,151,.503,.578,37,43,.860,6,38,44,121,22,5,57,36,378,0,,garlada01
119,Cedric Coward,22,MEM,SG,62,47,1598,305,648,.471,93,275,.338,212,373,.568,.542,140,166,.843,83,281,364,171,40,27,105,126,843,0,ROY-5,cowarce01
120,Grayson Allen,30,PHO,SG,51,27,1467,269,667,.403,159,455,.349,110,212,.519,.522,144,168,.857,37,118,155,195,69,13,83,117,841,0,,allengr01
121,Tobias Harris,33,DET,PF,63,63,1746,309,659,.469,82,223,.368,227,436,.521,.531,136,157,.866,55,268,323,157,58,26,63,107,836,0,,harrito02
122,Rudy Gobert,33,MIN,C,76,76,2380,335,491,.682,0,5,.000,335,486,.689,.682,159,302,.526,299,573,872,128,58,124,106,199,829,0,DPOY-4DEF1,goberru01
123,Dylan Harper,19,SAS,SG,69,4,1558,331,656,.505,61,178,.343,270,478,.565,.551,90,119,.756,54,180,234,266,54,24,99,139,813,0,ROY-46MOY-11,harpedy01
124,Nic Claxton,26,BRK,C,69,68,1920,333,583,.571,3,19,.158,330,564,.585,.574,141,229,.616,168,310,478,253,45,77,96,158,810,2,,claxtni01
125,Klay Thompson,35,DAL,SF,69,8,1497,286,728,.393,202,527,.383,84,201,.418,.532,36,47,.766,18,125,143,96,33,22,63,70,810,0,,thompkl01
126,Noah Clowney,21,BRK,PF,66,60,1780,250,631,.396,129,392,.329,121,239,.506,.498,180,224,.804,52,221,273,108,50,45,102,168,809,0,,clownno01
127,A.J. Green,26,MIL,SG,78,68,2270,262,618,.424,232,554,.419,30,64,.469,.612,53,62,.855,29,184,213,152,39,8,75,179,809,0,,greenaj01
128,Pelle Larsson,24,MIA,SG,70,54,1849,277,559,.496,62,192,.323,215,367,.586,.551,184,231,.797,69,175,244,236,49,16,101,148,800,0,,larsspe01
129,Cam Spencer,25,MEM,SG,72,20,1714,263,556,.473,146,325,.449,117,231,.506,.604,126,134,.940,40,143,183,400,52,11,93,103,798,0,,spencca01
130,P.J. Washington,27,DAL,PF,56,53,1736,296,658,.450,76,234,.325,220,424,.519,.508,125,182,.687,84,310,394,98,55,60,94,119,793,0,,washipj01
131,Josh Hart,30,NYK,SF,66,52,1994,301,592,.508,100,242,.413,201,350,.574,.593,90,125,.720,93,393,486,317,75,17,128,165,792,2,,hartjo01
132,Peyton Watson,23,DEN,SF,54,40,1598,285,581,.491,81,197,.411,204,384,.531,.560,138,189,.730,49,215,264,111,50,61,93,136,789,0,,watsope01
133,Jalen Suggs,24,ORL,PG,57,56,1574,282,649,.435,122,360,.339,160,289,.554,.529,100,117,.855,36,184,220,312,105,40,152,145,786,1,,suggsja01
134,Isaiah Joe,26,OKC,SG,71,9,1507,247,543,.455,181,428,.423,66,115,.574,.622,110,123,.894,33,148,181,94,50,11,45,121,785,0,,joeis01
135,Anfernee Simons,26,2TM,SG,55,5,1372,285,648,.440,146,379,.385,139,269,.517,.552,69,77,.896,31,104,135,134,27,8,68,94,785,0,,simonan01
135,Anfernee Simons,26,BOS,SG,49,0,1202,250,568,.440,130,329,.395,120,239,.502,.555,64,72,.889,26,92,118,116,27,6,55,82,694,0,,simonan01
135,Anfernee Simons,26,CHI,SG,6,5,170,35,80,.438,16,50,.320,19,30,.633,.538,5,5,1.000,5,12,17,18,0,2,13,12,91,0,,simonan01
136,Jay Huff,27,IND,C,82,47,1719,291,611,.476,119,373,.319,172,238,.723,.574,82,99,.828,73,251,324,121,41,153,76,196,783,0,,huffja01
137,Alex Sarr,20,WAS,C,48,48,1305,316,656,.482,50,150,.333,266,506,.526,.520,101,146,.692,105,250,355,130,39,95,82,105,783,0,,sarral01
138,Rui Hachimura,27,LAL,PF,68,41,1927,307,597,.514,116,262,.443,191,335,.570,.611,50,72,.694,41,185,226,57,39,21,42,110,780,0,,hachiru01
139,Neemias Queta,26,BOS,C,76,75,1926,326,499,.653,1,8,.125,325,491,.662,.654,123,175,.703,230,406,636,126,60,100,75,216,776,0,,quetane01
140,Ajay Mitchell,23,OKC,SG,57,16,1473,286,590,.485,61,176,.347,225,414,.543,.536,141,162,.870,40,150,190,206,71,18,81,119,774,0,6MOY-5,mitchaj01
141,Malik Monk,27,SAC,SG,62,3,1364,277,632,.438,124,314,.395,153,318,.481,.536,94,107,.879,15,102,117,185,37,24,91,99,772,0,,monkma01
142,Harrison Barnes,33,SAS,PF,77,52,1986,262,575,.456,139,358,.388,123,217,.567,.577,102,123,.829,62,151,213,148,50,12,61,85,765,0,,barneha02
143,Royce O'Neale,32,PHO,SF,78,67,2213,263,625,.421,212,520,.408,51,105,.486,.590,27,38,.711,59,313,372,208,84,32,103,177,765,0,,onealro01
144,Will Riley,19,WAS,SF,74,18,1633,271,618,.439,78,247,.316,193,371,.520,.502,144,180,.800,56,156,212,146,54,9,94,91,764,0,,rileywi01
145,Tristan Da Silva,24,ORL,SF,77,34,1899,279,620,.450,120,321,.374,159,299,.532,.547,84,95,.884,58,226,284,124,68,25,69,117,762,0,,dasiltr01
146,Jimmy Butler,36,GSW,SF,38,38,1182,240,462,.519,32,85,.376,208,377,.552,.554,248,287,.864,88,123,211,185,55,8,60,46,760,0,,butleji01
147,Dennis Schröder,32,2TM,PG,70,17,1697,255,629,.405,75,228,.329,180,401,.449,.465,171,205,.834,33,157,190,341,55,11,124,109,756,0,,schrode01
147,Dennis Schröder,32,SAC,PG,40,14,1056,172,422,.408,57,166,.343,115,256,.449,.475,109,133,.820,22,100,122,211,32,6,79,66,510,0,,schrode01
147,Dennis Schröder,32,CLE,PG,30,3,641,83,207,.401,18,62,.290,65,145,.448,.444,62,72,.861,11,57,68,130,23,5,45,43,246,0,,schrode01
148,Zach LaVine,30,SAC,SG,39,37,1224,262,547,.479,99,254,.390,163,293,.556,.569,125,142,.880,8,100,108,89,28,10,74,81,748,0,,lavinza01
149,Precious Achiuwa,26,SAC,C,73,57,1745,316,598,.528,27,97,.278,289,501,.577,.551,77,139,.554,177,315,492,101,65,50,65,123,736,0,,achiupr01
150,Tre Johnson,19,WAS,SG,60,42,1443,271,647,.419,115,321,.358,156,326,.479,.508,76,87,.874,29,141,170,122,33,18,93,122,733,0,,johnstr03
151,Moses Moody,23,GSW,SG,60,49,1540,245,557,.440,151,377,.401,94,180,.522,.575,87,113,.770,51,149,200,98,58,34,57,122,728,0,,moodymo01
152,Ausar Thompson,23,DET,SF,73,72,1896,303,577,.525,6,24,.250,297,553,.537,.530,109,191,.571,150,268,418,228,146,69,110,198,721,0,DPOY-3DEF1,thompau01
153,Sam Hauser,28,BOS,PF,78,49,1934,252,601,.419,198,504,.393,54,97,.557,.584,17,20,.850,56,244,300,114,38,23,35,113,719,0,,hausesa01
154,Jock Landale,30,2TM,C,68,27,1506,282,548,.515,74,193,.383,208,355,.586,.582,80,126,.635,183,204,387,115,35,36,60,150,718,0,,landajo01
154,Jock Landale,30,MEM,C,45,25,1060,200,389,.514,49,129,.380,151,260,.581,.577,60,89,.674,141,151,292,75,25,22,46,102,509,0,,landajo01
154,Jock Landale,30,ATL,C,23,2,446,82,159,.516,25,64,.391,57,95,.600,.594,20,37,.541,42,53,95,40,10,14,14,48,209,0,,landajo01
155,Kyshawn George,22,WAS,SF,48,48,1391,253,577,.438,99,260,.381,154,317,.486,.524,105,131,.802,43,202,245,214,48,43,125,169,710,0,,georgky01
156,Kelly Oubre Jr.,30,PHI,SF,50,41,1574,254,544,.467,86,239,.360,168,305,.551,.546,111,145,.766,50,202,252,80,68,24,69,127,705,0,,oubreke01
157,Mark Williams,24,PHO,C,60,55,1416,282,438,.644,1,1,1.000,281,437,.643,.645,135,175,.771,185,292,477,58,55,55,65,132,700,0,,willima07
158,Franz Wagner,24,ORL,SF,34,32,1019,244,507,.481,48,139,.345,196,368,.533,.529,163,198,.823,43,134,177,113,32,11,58,72,699,0,,wagnefr01
159,Kevin Huerter,27,2TM,SF,69,14,1549,269,596,.451,100,325,.308,169,271,.624,.535,55,71,.775,34,206,240,178,63,33,72,115,693,0,,huertke01
159,Kevin Huerter,27,CHI,SF,44,11,1037,184,404,.455,70,223,.314,114,181,.630,.542,41,56,.732,23,146,169,116,35,26,49,85,479,0,,huertke01
159,Kevin Huerter,27,DET,SG,25,3,512,85,192,.443,30,102,.294,55,90,.611,.521,14,15,.933,11,60,71,62,28,7,23,30,214,0,,huertke01
160,Isaiah Collier,21,UTA,PG,59,19,1517,255,515,.495,27,100,.270,228,415,.549,.521,151,209,.722,21,129,150,423,66,20,148,138,688,0,,colliis01
161,GG Jackson II,21,MEM,PF,55,28,1178,255,514,.496,64,193,.332,191,321,.595,.558,112,151,.742,49,186,235,81,31,44,85,75,686,0,,jacksgg01
162,Tyler Herro,26,MIA,SG,33,28,1033,247,515,.480,84,222,.378,163,293,.556,.561,99,108,.917,14,144,158,136,23,12,64,62,677,0,,herroty01
163,Ivica Zubac,28,2TM,C,48,47,1446,288,482,.598,0,0,,288,482,.598,.598,101,142,.711,162,347,509,105,18,40,86,112,677,0,,zubaciv01
163,Ivica Zubac,28,LAC,C,43,42,1328,263,429,.613,0,0,,263,429,.613,.613,93,132,.705,148,325,473,96,16,36,82,104,619,0,,zubaciv01
163,Ivica Zubac,28,IND,C,5,5,118,25,53,.472,0,0,,25,53,.472,.472,8,10,.800,14,22,36,9,2,4,4,8,58,0,,zubaciv01
164,Jake LaRavia,24,LAL,PF,82,43,2061,240,523,.459,78,243,.321,162,280,.579,.533,116,152,.763,116,210,326,145,104,38,87,196,674,0,,laravja01
165,Daniss Jenkins,24,DET,PG,72,19,1455,232,568,.408,73,195,.374,159,373,.426,.473,134,161,.832,51,115,166,278,64,15,115,107,671,0,,jenkida01
166,Sam Merrill,29,CLE,SG,52,38,1377,223,484,.461,158,375,.421,65,109,.596,.624,59,69,.855,28,105,133,125,33,7,42,127,663,0,,merrisa01
167,Kevin Porter Jr.,25,MIL,PG,38,36,1261,239,514,.465,46,143,.322,193,371,.520,.510,137,156,.878,34,164,198,280,83,19,110,88,661,2,,porteke02
168,Cameron Johnson,29,DEN,SF,54,54,1647,228,475,.480,110,256,.430,118,219,.539,.596,94,112,.839,43,163,206,132,40,21,47,125,660,0,,johnsca02
169,Cason Wallace,22,OKC,SG,77,58,2046,252,584,.432,101,288,.351,151,296,.510,.518,55,68,.809,63,175,238,200,150,28,73,154,660,0,DPOY-7DEF2,wallaca01
170,Bilal Coulibaly,21,WAS,SG,56,56,1468,230,541,.425,65,204,.319,165,337,.490,.485,132,177,.746,48,195,243,145,75,54,81,130,657,0,,coulibi01
171,Davion Mitchell,27,MIA,PG,70,70,2000,261,533,.490,90,228,.395,171,305,.561,.574,42,65,.646,32,154,186,453,68,11,108,181,654,0,,mitchda01
172,Luke Kennard,29,2TM,SG,78,6,1681,236,443,.533,117,245,.478,119,198,.601,.665,63,69,.913,32,150,182,174,55,8,60,101,652,1,,kennalu01
172,Luke Kennard,29,ATL,SG,46,0,944,129,240,.538,74,149,.497,55,91,.604,.692,32,35,.914,19,80,99,96,33,5,32,53,364,0,,kennalu01
172,Luke Kennard,29,LAL,SG,32,6,737,107,203,.527,43,96,.448,64,107,.598,.633,31,34,.912,13,70,83,78,22,3,28,48,288,1,,kennalu01
173,Bruce Brown,29,DEN,SG,82,4,1998,248,522,.475,57,148,.385,191,374,.511,.530,96,126,.762,85,233,318,174,85,20,91,195,649,0,,brownbr01
174,Nique Clifford,23,SAC,SG,75,28,1882,249,596,.418,77,231,.333,172,365,.471,.482,70,97,.722,65,217,282,179,68,24,116,156,645,0,,cliffni01
175,Paul George,35,PHI,PF,37,37,1135,225,513,.439,100,255,.392,125,258,.484,.536,91,111,.820,20,176,196,133,62,16,64,84,641,0,,georgpa01
176,Zaccharie Risacher,20,ATL,SF,67,46,1503,244,536,.455,95,258,.368,149,278,.536,.544,58,90,.644,71,186,257,76,59,36,58,147,641,0,,risacza01
177,Ron Holland,20,DET,SF,78,5,1551,235,544,.432,50,198,.253,185,346,.535,.478,120,149,.805,83,232,315,95,92,27,96,183,640,0,,hollaro01
178,Khris Middleton,34,2TM,SF,63,50,1439,227,540,.420,67,186,.360,160,354,.452,.482,119,136,.875,51,180,231,176,41,9,108,144,640,0,,middlkh01
178,Khris Middleton,34,WAS,SF,34,34,827,130,300,.433,33,99,.333,97,201,.483,.488,58,69,.841,30,104,134,111,26,9,57,86,351,0,,middlkh01
178,Khris Middleton,34,DAL,SF,29,16,612,97,240,.404,34,87,.391,63,153,.412,.475,61,67,.910,21,76,97,65,15,0,51,58,289,0,,middlkh01
179,Brook Lopez,37,LAC,C,75,40,1635,232,542,.428,114,317,.360,118,225,.524,.533,56,74,.757,47,226,273,97,45,87,61,154,634,0,,lopezbr01
180,Tari Eason,24,HOU,PF,60,34,1549,241,580,.416,93,260,.358,148,320,.463,.496,52,67,.776,124,252,376,90,72,28,81,138,627,0,,easonta01
181,Marvin Bagley III,26,2TM,PF,60,12,1201,254,411,.618,24,52,.462,230,359,.641,.647,95,144,.660,150,216,366,85,28,43,61,123,627,0,,baglema01
181,Marvin Bagley III,26,WAS,PF,38,8,731,154,246,.626,8,19,.421,146,227,.643,.642,69,97,.711,97,119,216,56,20,27,44,78,385,0,,baglema01
181,Marvin Bagley III,26,DAL,PF,22,4,470,100,165,.606,16,33,.485,84,132,.636,.655,26,47,.553,53,97,150,29,8,16,17,45,242,0,,baglema01
182,Gui Santos,23,GSW,PF,68,30,1395,230,460,.500,78,222,.351,152,238,.639,.585,87,120,.725,75,191,266,159,61,22,102,142,625,0,,santogu01
183,Jordan Clarkson,33,NYK,SG,72,1,1279,237,526,.451,70,214,.327,167,312,.535,.517,78,94,.830,62,65,127,96,30,9,63,123,622,0,,clarkjo01
184,Aaron Nesmith,26,IND,SF,45,42,1335,212,512,.414,105,277,.379,107,235,.455,.517,92,111,.829,48,139,187,86,26,23,63,124,621,0,,nesmiaa01
185,De'Andre Hunter,28,2TM,SF,45,25,1176,208,501,.415,75,246,.305,133,255,.522,.490,124,143,.867,30,155,185,90,30,6,75,112,615,0,,huntede01
185,De'Andre Hunter,28,CLE,SF,43,23,1125,204,482,.423,73,237,.308,131,245,.535,.499,119,137,.869,29,153,182,89,30,6,71,107,600,0,,huntede01
185,De'Andre Hunter,28,SAC,SF,2,2,51,4,19,.211,2,9,.222,2,10,.200,.263,5,6,.833,1,2,3,1,0,0,4,5,15,0,,huntede01
186,Aaron Wiggins,27,OKC,SG,65,21,1414,231,536,.431,96,270,.356,135,266,.508,.521,53,72,.736,41,158,199,109,60,28,81,83,611,0,,wiggiaa01
187,Jordan Goodwin,27,PHO,PG,70,10,1572,229,555,.413,112,302,.371,117,253,.462,.514,39,56,.696,138,203,341,151,106,14,68,133,609,0,,goodwjo01
188,Bones Hyland,25,MIN,PG,71,3,1177,212,468,.453,116,299,.388,96,169,.568,.577,64,82,.780,23,104,127,188,44,17,70,120,604,0,,hylanbo01
189,Santi Aldama,25,MEM,PF,43,11,1198,228,476,.479,70,200,.350,158,276,.572,.553,76,114,.667,67,220,287,126,37,31,55,69,602,0,,aldamsa01
190,De'Anthony Melton,27,GSW,PG,49,24,1125,215,528,.407,72,245,.294,143,283,.505,.475,100,121,.826,39,119,158,125,77,20,91,91,602,0,,meltode01
191,Jordan Miller,26,LAC,SF,60,1,1325,212,399,.531,38,110,.345,174,289,.602,.579,136,175,.777,50,132,182,136,45,11,63,62,598,0,,millejo02
192,Justin Champagnie,24,WAS,SF,69,19,1377,232,462,.502,53,166,.319,179,296,.605,.560,80,102,.784,145,239,384,84,59,43,45,114,597,0,,champju01
193,Simone Fontecchio,30,MIA,SF,70,9,1173,194,471,.412,123,328,.375,71,143,.497,.542,86,102,.843,56,155,211,101,37,9,49,104,597,0,,fontesi01
194,Kris Dunn,31,LAC,PG,82,68,2230,227,477,.476,80,214,.374,147,263,.559,.560,62,81,.765,58,213,271,295,131,14,111,189,596,0,,dunnkr01
195,Cody Williams,21,UTA,SG,67,41,1631,238,509,.468,28,131,.214,210,378,.556,.495,84,119,.706,61,137,198,137,51,26,73,122,588,0,,willico04
196,Isaac Okoro,25,CHI,SG,63,62,1695,211,459,.460,73,221,.330,138,238,.580,.539,89,112,.795,69,104,173,100,46,29,46,162,584,0,,okorois01
197,Aaron Gordon,30,DEN,PF,36,33,1005,198,398,.497,61,157,.389,137,241,.568,.574,125,163,.767,51,158,209,96,21,10,38,62,582,0,,gordoaa01
198,Isaiah Stewart,24,DET,C,58,13,1317,221,402,.550,40,120,.333,181,282,.642,.600,99,131,.756,96,194,290,66,16,93,67,166,581,0,6MOY-7,stewais01
199,Marcus Smart,31,LAL,SG,62,54,1769,188,476,.395,97,293,.331,91,183,.497,.497,106,129,.822,36,136,172,185,87,23,92,162,579,0,,smartma01
200,Luguentz Dort,26,OKC,SF,69,69,1849,202,524,.385,128,372,.344,74,152,.487,.508,44,58,.759,56,189,245,85,62,27,54,179,576,0,,dortlu01
201,Moussa Diabaté,24,CHO,C,73,47,1899,229,363,.631,1,2,.500,228,361,.632,.632,116,176,.659,273,362,635,141,56,72,73,176,575,0,,diabamo01
202,Ziaire Williams,24,BRK,SF,56,13,1281,184,433,.425,86,251,.343,98,182,.538,.524,119,140,.850,30,104,134,60,76,21,59,116,573,0,,willizi02
203,Draymond Green,35,GSW,PF,68,68,1869,205,491,.418,101,310,.326,104,181,.575,.520,59,84,.702,55,320,375,376,61,42,181,197,570,0,DPOY-11,greendr01
204,Javonte Green,32,DET,SG,82,6,1446,185,414,.447,94,247,.381,91,167,.545,.560,105,125,.840,62,168,230,56,102,25,45,107,569,0,,greenja02
205,Jalen Green,23,PHO,SG,32,27,828,216,512,.422,71,227,.313,145,285,.509,.491,65,87,.747,16,100,116,91,34,8,72,42,568,0,,greenja05
206,Jonas Valančiūnas,33,DEN,C,65,6,871,227,390,.582,8,26,.308,219,364,.602,.592,105,136,.772,105,224,329,78,14,37,73,133,567,0,,valanjo01
207,Cam Thomas,24,2TM,SG,42,8,881,189,461,.410,52,168,.310,137,293,.468,.466,137,169,.811,11,60,71,108,9,4,74,43,567,0,,thomaca02
207,Cam Thomas,24,BRK,SG,24,8,582,123,308,.399,38,117,.325,85,191,.445,.461,91,108,.843,9,34,43,74,4,2,48,31,375,0,,thomaca02
207,Cam Thomas,24,MIL,SG,18,0,299,66,153,.431,14,51,.275,52,102,.510,.477,46,61,.754,2,26,28,34,5,2,26,12,192,0,,thomaca02
208,Jalen Williams,24,OKC,SG,33,33,936,216,446,.484,23,77,.299,193,369,.523,.510,108,129,.837,27,125,152,181,39,9,63,65,563,0,,willija06
209,Jared McCain,21,2TM,SG,67,3,1160,204,480,.425,99,257,.385,105,223,.471,.528,51,59,.864,23,114,137,90,35,5,56,81,558,0,,mccaija01
209,Jared McCain,21,PHI,SG,37,1,620,89,231,.385,45,119,.378,44,112,.393,.483,22,25,.880,6,69,75,62,22,2,30,43,245,0,,mccaija01
209,Jared McCain,21,OKC,SG,30,2,540,115,249,.462,54,138,.391,61,111,.550,.570,29,34,.853,17,45,62,28,13,3,26,38,313,0,,mccaija01
210,Luka Garza,27,BOS,C,69,6,1118,206,357,.577,55,127,.433,151,230,.657,.654,90,117,.769,156,125,281,66,27,28,46,161,557,0,,garzalu01
211,Vít Krejčí,25,2TM,PG,65,8,1392,192,429,.448,128,328,.390,64,101,.634,.597,38,51,.745,31,117,148,100,47,18,41,138,550,0,,krejcvi01
211,Vít Krejčí,25,ATL,PG,46,8,1028,143,308,.464,101,239,.423,42,69,.609,.628,27,36,.750,19,78,97,68,37,13,30,108,414,0,,krejcvi01
211,Vít Krejčí,25,POR,PG,19,0,364,49,121,.405,27,89,.303,22,32,.688,.517,11,15,.733,12,39,51,32,10,5,11,30,136,0,,krejcvi01
212,Gary Payton II,33,GSW,SG,73,1,1142,242,415,.583,37,127,.291,205,288,.712,.628,26,40,.650,101,164,265,123,67,21,62,132,547,0,,paytoga02
213,Dominick Barlow,22,PHI,PF,71,59,1689,215,399,.539,21,82,.256,194,317,.612,.565,94,131,.718,133,207,340,87,63,53,56,150,545,0,,barlodo01
214,Jamal Shead,23,TOR,PG,82,12,1852,185,504,.367,84,262,.321,101,242,.417,.450,91,116,.784,26,117,143,444,76,15,112,162,545,0,6MOY-12,sheadja01
215,Jalen Smith,25,CHI,C,53,21,1095,195,404,.483,82,220,.373,113,184,.614,.584,69,93,.742,98,257,355,65,24,42,53,111,541,0,,smithja04
216,Ja'Kobe Walter,21,TOR,SG,72,19,1474,180,404,.446,110,269,.409,70,135,.519,.582,71,90,.789,56,129,185,86,73,14,37,162,541,0,,walteja01
217,Day'Ron Sharpe,24,BRK,C,62,7,1160,214,356,.601,9,39,.231,205,317,.647,.614,103,152,.678,171,242,413,145,67,26,106,147,540,0,,sharpda01
218,Walter Clayton,22,2TM,PG,69,6,1410,177,461,.384,75,244,.307,102,217,.470,.465,109,121,.901,25,114,139,279,44,19,116,119,538,0,,claytwa01
218,Walter Clayton,22,UTA,PG,45,0,811,102,256,.398,44,143,.308,58,113,.513,.484,58,62,.935,15,73,88,143,24,12,57,78,306,0,,claytwa01
218,Walter Clayton,22,MEM,PG,24,6,599,75,205,.366,31,101,.307,44,104,.423,.441,51,59,.864,10,41,51,136,20,7,59,41,232,0,,claytwa01
219,Egor Dёmin,19,BRK,PG,52,45,1308,179,449,.399,124,322,.385,55,127,.433,.537,54,65,.831,21,144,165,173,42,17,86,93,536,0,,demineg01
220,Kristaps Porziņģis,30,2TM,C,32,23,769,173,388,.446,54,160,.338,119,228,.522,.515,133,158,.842,40,127,167,81,18,38,41,92,533,0,,porzikr01
220,Kristaps Porziņģis,30,ATL,C,17,12,413,96,210,.457,31,86,.360,65,124,.524,.531,68,81,.840,21,66,87,46,9,22,16,54,291,0,,porzikr01
220,Kristaps Porziņģis,30,GSW,C,15,11,356,77,178,.433,23,74,.311,54,104,.519,.497,65,77,.844,19,61,80,35,9,16,25,38,242,0,,porzikr01
221,Corey Kispert,26,2TM,SF,58,10,1080,184,394,.467,87,237,.367,97,157,.618,.577,77,97,.794,27,105,132,92,16,9,45,60,532,0,,kispeco01
221,Corey Kispert,26,WAS,SF,19,2,370,59,119,.496,30,76,.395,29,43,.674,.622,26,34,.765,6,38,44,32,8,3,14,20,174,0,,kispeco01
221,Corey Kispert,26,ATL,SF,39,8,710,125,275,.455,57,161,.354,68,114,.596,.558,51,63,.810,21,67,88,60,8,6,31,40,358,0,,kispeco01
222,Oso Ighodaro,23,PHO,PF,82,24,1808,239,366,.653,0,1,.000,239,365,.655,.653,53,117,.453,138,280,418,185,73,57,101,218,531,0,,ighodos01
223,Olivier-Maxence Prosper,23,MEM,PF,53,24,984,192,350,.549,60,148,.405,132,202,.653,.634,86,114,.754,59,128,187,51,40,13,47,83,530,0,,prospol01
224,Gary Trent Jr.,27,MIL,SG,65,21,1377,183,473,.387,123,342,.360,60,131,.458,.517,40,52,.769,8,59,67,79,34,3,41,85,529,0,,trentga02
225,Christian Braun,24,DEN,SG,44,44,1399,202,389,.519,43,143,.301,159,246,.646,.575,79,101,.782,61,150,211,120,30,12,43,103,526,0,,braunch01
226,T.J. McConnell,33,IND,PG,56,4,963,242,450,.538,16,50,.320,226,400,.565,.556,25,29,.862,22,102,124,287,56,10,64,62,525,0,,mccontj01
227,Daniel Gafford,27,DAL,C,55,44,1195,207,316,.655,0,0,,207,316,.655,.655,110,161,.683,138,240,378,58,42,69,63,144,524,0,,gaffoda01
228,Jordan Poole,26,NOP,PG,39,8,933,165,444,.372,96,288,.333,69,156,.442,.480,98,114,.860,9,68,77,119,22,15,69,89,524,0,,poolejo01
229,Jaden Hardy,23,2TM,SG,57,4,898,182,429,.424,104,262,.397,78,167,.467,.545,55,75,.733,15,71,86,58,16,6,62,89,523,0,,hardyja02
229,Jaden Hardy,23,DAL,SG,34,4,428,78,194,.402,46,124,.371,32,70,.457,.521,31,40,.775,11,36,47,29,9,2,27,39,233,0,,hardyja02
229,Jaden Hardy,23,WAS,SG,23,0,470,104,235,.443,58,138,.420,46,97,.474,.566,24,35,.686,4,35,39,29,7,4,35,50,290,0,,hardyja02
230,Ryan Kalkbrenner,24,CHO,C,69,31,1479,219,291,.753,0,5,.000,219,286,.766,.753,83,116,.716,167,210,377,54,32,101,62,107,521,0,,kalkbry01
231,Quinten Post,25,GSW,PF,67,35,1159,193,439,.440,93,277,.336,100,162,.617,.546,34,43,.791,68,201,269,94,26,35,56,125,513,0,,postqu01
232,Jose Alvarado,27,2TM,PG,69,3,1370,187,449,.416,101,287,.352,86,162,.531,.529,35,46,.761,26,145,171,234,66,8,77,129,510,0,,alvarjo01
232,Jose Alvarado,27,NOP,PG,41,0,896,117,280,.418,70,193,.363,47,87,.540,.543,20,24,.833,16,98,114,128,37,4,47,80,324,0,,alvarjo01
232,Jose Alvarado,27,NYK,PG,28,3,474,70,169,.414,31,94,.330,39,75,.520,.506,15,22,.682,10,47,57,106,29,4,30,49,186,0,,alvarjo01
233,Caleb Love,24,POR,SG,49,1,1013,190,490,.388,93,292,.318,97,198,.490,.483,36,49,.735,25,89,114,123,27,4,62,48,509,0,,loveca01
234,Danny Wolf,21,BRK,PF,57,15,1187,178,440,.405,68,211,.322,110,229,.480,.482,84,109,.771,57,224,281,127,30,32,73,126,508,0,,wolfda01
235,Patrick Williams,24,CHI,PF,72,6,1474,178,478,.372,95,274,.347,83,204,.407,.472,54,75,.720,49,166,215,105,49,26,75,93,505,0,,willipa01
236,Derrick Jones Jr.,28,LAC,SF,50,45,1350,189,379,.499,55,153,.359,134,226,.593,.571,71,93,.763,61,112,173,69,45,50,40,104,504,0,,jonesde02
237,Paul Reed,26,DET,C,65,11,901,209,339,.617,13,40,.325,196,299,.656,.636,73,110,.664,130,164,294,80,57,60,58,120,504,0,,reedpa01
238,Nolan Traoré,19,BRK,PG,56,31,1243,182,479,.380,61,192,.318,121,287,.422,.444,74,94,.787,14,85,99,213,45,23,129,119,499,0,,traorno01
239,Jaxson Hayes,25,LAL,C,66,9,1207,198,262,.756,3,3,1.000,195,259,.753,.761,98,150,.653,99,172,271,59,29,52,31,127,497,0,,hayesja02
240,Herbert Jones,27,NOP,SF,56,56,1588,183,478,.383,80,259,.309,103,219,.470,.467,50,62,.806,47,143,190,155,88,27,73,177,496,0,,joneshe01
241,Kobe Sanders,23,LAC,SG,68,16,1351,179,384,.466,80,196,.408,99,188,.527,.570,57,69,.826,29,124,153,109,49,10,81,146,495,0,,sandeko01
242,Jakob Poeltl,30,TOR,C,46,44,1149,217,310,.700,0,0,,217,310,.700,.700,59,98,.602,114,209,323,93,40,32,57,145,493,0,,poeltja01
243,Miles McBride,25,NYK,SG,41,15,1080,171,404,.423,112,271,.413,59,133,.444,.562,37,47,.787,24,76,100,106,35,9,33,70,491,0,,mcbrimi01
244,Collin Murray-Boyles,20,TOR,PF,57,22,1246,198,342,.579,17,50,.340,181,292,.620,.604,71,108,.657,133,152,285,106,52,53,59,147,484,0,,murraco01
245,Keon Ellis,26,2TM,SG,72,11,1478,169,384,.440,91,251,.363,78,133,.586,.559,51,70,.729,38,97,135,72,83,46,41,134,480,0,,elliske01
245,Keon Ellis,26,SAC,SG,43,5,758,83,209,.397,53,144,.368,30,65,.462,.524,20,32,.625,15,40,55,26,46,22,21,69,239,0,,elliske01
245,Keon Ellis,26,CLE,SG,29,6,720,86,175,.491,38,107,.355,48,68,.706,.600,31,38,.816,23,57,80,46,37,24,20,65,241,0,,elliske01
246,Pat Spencer,29,GSW,PG,66,14,1229,186,436,.427,60,168,.357,126,268,.470,.495,44,57,.772,51,107,158,232,48,5,85,75,476,0,,spencpa01
247,Landry Shamet,28,NYK,SG,51,12,1171,159,364,.437,103,263,.392,56,101,.554,.578,54,76,.711,23,69,92,72,31,9,30,77,475,0,,shamela01
248,Svi Mykhailiuk,28,UTA,SF,50,41,1156,173,362,.478,98,240,.408,75,122,.615,.613,25,28,.893,36,88,124,93,26,3,42,63,469,0,,mykhasv01
249,Jaylin Williams,23,OKC,PF,65,11,1277,149,352,.423,98,256,.383,51,96,.531,.563,73,92,.793,32,326,358,158,31,42,67,127,469,0,,willija07
250,Ben Sheppard,24,IND,SG,65,20,1390,168,387,.434,84,232,.362,84,155,.542,.543,39,51,.765,43,152,195,114,39,6,41,114,459,0,,sheppbe01
251,Micah Potter,27,IND,C,47,7,908,151,293,.515,71,168,.423,80,125,.640,.637,85,101,.842,58,175,233,69,22,15,47,82,458,0,,pottemi01
252,Gradey Dick,22,TOR,SG,76,1,1067,161,384,.419,56,186,.301,105,198,.530,.492,77,88,.875,42,105,147,51,45,7,43,101,455,0,,dickgr01
253,Terance Mann,29,BRK,SG,63,51,1529,168,368,.457,56,154,.364,112,214,.523,.533,63,80,.788,70,130,200,190,41,15,71,155,455,0,,mannte01
254,Quenton Jackson,27,IND,PG,49,19,897,154,328,.470,42,118,.356,112,210,.533,.534,98,119,.824,28,86,114,140,31,6,62,82,448,0,,jacksqu01
255,Jusuf Nurkić,31,UTA,C,41,36,1083,180,358,.503,25,71,.352,155,287,.540,.538,62,113,.549,106,319,425,196,52,22,101,134,447,3,,nurkiju01
256,Luke Kornet,30,SAS,C,68,25,1430,175,272,.643,0,0,,175,272,.643,.643,94,114,.825,181,233,414,126,32,65,28,120,444,0,,kornelu01
257,Caris LeVert,31,DET,SG,60,0,1154,163,391,.417,60,180,.333,103,211,.488,.494,57,84,.679,23,94,117,159,51,41,82,91,443,0,,leverca01
258,Sion James,23,CHO,SG,82,19,1843,138,372,.371,83,236,.352,55,136,.404,.483,82,98,.837,49,238,287,163,52,20,65,148,441,0,,jamessi01
259,Will Richard,23,GSW,SG,69,21,1377,162,346,.468,71,212,.335,91,134,.679,.571,46,54,.852,67,105,172,93,80,9,53,131,441,0,,richawi02
260,Tristan Vukcevic,22,WAS,C,49,12,671,152,317,.479,50,144,.347,102,173,.590,.558,87,111,.784,32,115,147,55,23,33,62,82,441,0,,vukcetr01
261,Taylor Hendricks,22,2TM,PF,59,17,1118,163,355,.459,63,184,.342,100,171,.585,.548,49,72,.681,65,156,221,55,50,30,50,99,438,0,,hendrta01
261,Taylor Hendricks,22,UTA,PF,33,6,492,58,128,.453,24,70,.343,34,58,.586,.547,23,32,.719,29,70,99,24,13,8,20,40,163,0,,hendrta01
261,Taylor Hendricks,22,MEM,PF,26,11,626,105,227,.463,39,114,.342,66,113,.584,.548,26,40,.650,36,86,122,31,37,22,30,59,275,0,,hendrta01
262,Jonathan Kuminga,23,2TM,PF,36,14,830,157,339,.463,35,105,.333,122,234,.521,.515,89,123,.724,49,153,202,83,22,11,67,55,438,0,,kuminjo01
262,Jonathan Kuminga,23,GSW,PF,20,13,476,88,194,.454,17,53,.321,71,141,.504,.497,49,66,.742,29,88,117,50,8,6,46,33,242,0,,kuminjo01
262,Jonathan Kuminga,23,ATL,PF,16,1,354,69,145,.476,18,52,.346,51,93,.548,.538,40,57,.702,20,65,85,33,14,5,21,22,196,0,,kuminjo01
263,Isaiah Hartenstein,27,OKC,C,47,46,1137,184,296,.622,0,7,.000,184,289,.637,.622,64,105,.610,149,294,443,166,48,36,82,118,432,1,,harteis01
264,Ousmane Dieng,22,2TM,C,57,20,1099,168,398,.422,63,185,.341,105,213,.493,.501,32,45,.711,29,151,180,136,25,17,75,78,431,0,,diengou01
264,Ousmane Dieng,22,OKC,C,27,0,295,38,91,.418,18,49,.367,20,42,.476,.516,6,6,1.000,8,34,42,28,2,7,8,22,100,0,,diengou01
264,Ousmane Dieng,22,MIL,C,30,20,804,130,307,.423,45,136,.331,85,171,.497,.497,26,39,.667,21,117,138,108,23,10,67,56,331,0,,diengou01
265,Kentavious Caldwell-Pope,32,MEM,SG,51,14,1088,150,366,.410,55,174,.316,95,192,.495,.485,73,80,.913,20,105,125,139,43,8,61,57,428,0,,caldwke01
266,Scoot Henderson,21,POR,PG,30,10,748,143,342,.418,57,162,.352,86,180,.478,.501,84,100,.840,18,62,80,112,27,9,73,85,427,0,,hendesc01
267,Baylor Scheierman,25,BOS,SG,77,20,1429,151,333,.453,97,243,.399,54,90,.600,.599,28,31,.903,57,212,269,116,42,6,46,108,427,0,,scheiba01
268,Julian Strawther,23,DEN,SG,57,14,861,149,319,.467,58,150,.387,91,169,.538,.558,57,70,.814,12,102,114,61,25,6,36,73,413,0,,strawju01
269,Rob Dillingham,21,2TM,PG,65,0,970,163,412,.396,42,133,.316,121,279,.434,.447,41,55,.745,19,112,131,143,47,6,100,114,409,0,,dilliro01
269,Rob Dillingham,21,MIN,PG,35,0,326,47,141,.333,12,33,.364,35,108,.324,.376,15,20,.750,5,36,41,58,19,3,36,36,121,0,,dilliro01
269,Rob Dillingham,21,CHI,PG,30,0,644,116,271,.428,30,100,.300,86,171,.503,.483,26,35,.743,14,76,90,85,28,3,64,78,288,0,,dilliro01
270,Drake Powell,20,BRK,SG,63,24,1320,144,358,.402,51,182,.280,93,176,.528,.473,69,77,.896,21,90,111,91,36,14,60,89,408,0,,poweldr01
271,Anthony Davis,32,DAL,PF,20,20,626,169,334,.506,10,37,.270,159,297,.535,.521,59,81,.728,62,159,221,56,22,33,41,42,407,0,,davisan02
272,Ryan Dunn,23,PHO,SF,70,16,1355,164,362,.453,56,169,.331,108,193,.560,.530,23,47,.489,99,198,297,102,60,29,56,130,407,0,,dunnry01
273,Andre Drummond,32,PHI,C,63,25,1231,159,337,.472,32,90,.356,127,247,.514,.519,53,84,.631,200,332,532,80,38,49,61,125,403,0,,drumman01
274,Ryan Nembhard,22,DAL,PG,60,27,1171,162,390,.415,48,135,.356,114,255,.447,.477,25,31,.806,13,120,133,316,25,2,85,86,397,0,,nembhry01
275,Robert Williams,28,POR,C,59,1,1008,177,250,.708,9,23,.391,168,227,.740,.726,34,57,.596,141,274,415,60,35,87,49,74,397,0,,williro04
276,Javon Small,23,MEM,PG,41,12,830,134,288,.465,60,142,.423,74,146,.507,.569,68,82,.829,36,92,128,151,34,9,56,65,396,0,,smallja01
277,Dru Smith,28,MIA,SG,70,1,1141,135,325,.415,38,129,.295,97,196,.495,.474,87,105,.829,62,111,173,180,100,21,55,109,395,0,,smithdr01
278,Buddy Hield,33,2TM,SG,51,3,819,143,327,.437,74,212,.349,69,115,.600,.550,30,37,.811,27,89,116,71,39,9,48,57,390,0,,hieldbu01
278,Buddy Hield,33,GSW,SG,44,3,768,130,300,.433,67,195,.344,63,105,.600,.545,27,34,.794,26,82,108,66,37,9,42,56,354,0,,hieldbu01
278,Buddy Hield,33,ATL,SG,7,0,51,13,27,.481,7,17,.412,6,10,.600,.611,3,3,1.000,1,7,8,5,2,0,6,1,36,0,,hieldbu01
279,Ja Morant,26,MEM,PG,20,20,569,132,322,.410,20,85,.235,112,237,.473,.441,105,117,.897,8,57,65,161,20,6,71,40,389,0,,moranja01
280,Justin Edwards,22,PHI,SF,64,12,977,143,320,.447,67,180,.372,76,140,.543,.552,33,39,.846,26,68,94,80,54,11,36,91,386,0,,edwarju01
281,Sidy Cissoko,21,POR,SF,75,26,1435,133,334,.398,59,198,.298,74,136,.544,.487,58,88,.659,62,104,166,110,52,25,70,183,383,0,,cissosi01
282,Yves Missi,21,NOP,C,66,14,1297,160,294,.544,0,1,.000,160,293,.546,.544,57,102,.559,183,202,385,84,20,101,54,113,377,0,,missiyv01
283,Goga Bitadze,26,ORL,C,64,3,972,152,225,.676,2,11,.182,150,214,.701,.680,69,97,.711,137,183,320,84,37,61,43,136,375,0,,bitadgo01
284,Nae'Qwan Tomlin,25,CLE,PF,64,3,1004,150,314,.478,27,115,.235,123,199,.618,.521,47,61,.770,86,100,186,53,41,34,29,125,374,0,,tomlina01
285,Guerschon Yabusele,30,2TM,C,67,19,1007,125,312,.401,69,196,.352,56,116,.483,.511,54,72,.750,56,178,234,63,26,16,41,81,373,0,,yabusgu01
285,Guerschon Yabusele,30,NYK,C,41,0,366,42,107,.393,20,68,.294,22,39,.564,.486,8,12,.667,24,63,87,18,6,5,15,36,112,0,,yabusgu01
285,Guerschon Yabusele,30,CHI,C,26,19,641,83,205,.405,49,128,.383,34,77,.442,.524,46,60,.767,32,115,147,45,20,11,26,45,261,0,,yabusgu01
286,Al Horford,39,GSW,C,45,13,969,138,324,.426,74,205,.361,64,119,.538,.540,22,26,.846,44,175,219,116,30,51,42,51,372,0,,horfoal01
287,Thomas Bryant,28,CLE,C,60,1,732,135,267,.506,47,131,.359,88,136,.647,.594,53,66,.803,59,146,205,33,18,26,28,75,370,0,,bryanth01
288,Isaiah Jackson,24,2TM,C,55,14,908,151,237,.637,0,3,.000,151,234,.645,.637,68,105,.648,113,177,290,52,36,49,58,147,370,0,,jacksis01
288,Isaiah Jackson,24,IND,C,38,14,638,96,165,.582,0,1,.000,96,164,.585,.582,51,74,.689,86,125,211,31,26,29,43,108,243,0,,jacksis01
288,Isaiah Jackson,24,LAC,C,17,0,270,55,72,.764,0,2,.000,55,70,.786,.764,17,31,.548,27,52,79,21,10,20,15,39,127,0,,jacksis01
289,Jamir Watkins,24,WAS,SG,50,7,1032,132,296,.446,47,158,.297,85,138,.616,.525,57,82,.695,49,145,194,67,54,25,40,129,368,0,,watkija01
290,Jordan Walsh,21,BOS,PF,68,25,1212,136,267,.509,48,125,.384,88,142,.620,.599,44,57,.772,85,187,272,54,49,31,35,137,364,0,,walshjo01
291,Josh Minott,23,2TM,PF,49,11,834,126,252,.500,64,153,.418,62,99,.626,.627,48,61,.787,48,110,158,46,44,24,43,73,364,0,,minotjo01
291,Josh Minott,23,BOS,PF,33,10,526,69,136,.507,34,77,.442,35,59,.593,.632,20,26,.769,40,78,118,33,24,12,20,51,192,0,,minotjo01
291,Josh Minott,23,BRK,SF,16,1,308,57,116,.491,30,76,.395,27,40,.675,.621,28,35,.800,8,32,40,13,20,12,23,22,172,0,,minotjo01
292,Kenrich Williams,31,OKC,PF,56,2,855,140,296,.473,50,129,.388,90,167,.539,.557,33,52,.635,59,128,187,79,31,5,43,59,363,0,,willike04
293,Leonard Miller,22,2TM,SF,46,12,719,145,262,.553,32,99,.323,113,163,.693,.615,39,53,.736,54,127,181,40,17,15,36,65,361,0,,millele01
293,Leonard Miller,22,MIN,SF,19,0,95,18,33,.545,1,12,.083,17,21,.810,.561,7,11,.636,7,18,25,5,4,0,9,12,44,0,,millele01
293,Leonard Miller,22,CHI,SF,27,12,624,127,229,.555,31,87,.356,96,142,.676,.622,32,42,.762,47,109,156,35,13,15,27,53,317,0,,millele01
294,Josh Okogie,27,HOU,SG,78,32,1354,125,294,.425,62,161,.385,63,133,.474,.531,41,69,.594,81,119,200,69,63,16,41,107,353,0,,okogijo01
295,Kobe Brown,26,2TM,PF,61,10,963,127,271,.469,52,139,.374,75,132,.568,.565,47,59,.797,68,117,185,80,23,12,53,69,353,0,,brownko01
295,Kobe Brown,26,LAC,PF,34,0,295,33,84,.393,13,49,.265,20,35,.571,.470,21,26,.808,18,35,53,27,9,2,15,16,100,0,,brownko01
295,Kobe Brown,26,IND,PF,27,10,668,94,187,.503,39,90,.433,55,97,.567,.607,26,33,.788,50,82,132,53,14,10,38,53,253,0,,brownko01
296,Spencer Jones,24,DEN,SF,64,37,1417,132,262,.504,57,144,.396,75,118,.636,.613,31,51,.608,75,134,209,51,52,29,31,175,352,0,,jonessp01
297,Karlo Matković,24,NOP,PF,62,2,912,142,235,.604,38,90,.422,104,145,.717,.685,30,41,.732,72,157,229,50,25,54,34,105,352,0,,matkoka01
298,Alex Caruso,31,OKC,SG,56,0,1020,127,300,.423,53,181,.293,74,119,.622,.512,41,51,.804,28,127,155,110,72,17,48,68,348,0,,carusal01
299,Jayson Tatum,27,BOS,PF,16,16,522,118,287,.411,47,143,.329,71,144,.493,.493,65,79,.823,8,152,160,85,22,3,39,26,348,1,,tatumja01
300,Trendon Watford,25,PHI,PF,53,7,864,138,268,.515,10,50,.200,128,218,.587,.534,60,77,.779,38,137,175,132,16,22,64,107,346,1,,watfotr01
301,Adem Bona,22,PHI,C,71,18,1234,131,220,.595,2,6,.333,129,214,.603,.600,80,113,.708,128,179,307,32,30,82,56,153,344,0,,bonaad01
302,Nikola Jović,22,MIA,PF,47,1,808,115,314,.366,45,167,.269,70,147,.476,.438,69,101,.683,25,128,153,102,26,17,65,65,344,0,,jovicni01
303,Daeqwon Plowden,27,SAC,SG,32,7,844,120,279,.430,62,186,.333,58,93,.624,.541,42,49,.857,33,64,97,41,23,7,26,78,344,0,,plowdda01
304,Jalen Wilson,25,BRK,PF,54,2,859,110,278,.396,54,152,.355,56,126,.444,.493,69,96,.719,17,97,114,50,22,2,38,85,343,0,,wilsoja03
305,Mouhamed Gueye,23,ATL,PF,77,8,1179,131,290,.452,40,130,.308,91,160,.569,.521,40,62,.645,89,186,275,69,61,39,33,127,342,0,,gueyemo02
306,Dean Wade,29,CLE,PF,59,38,1318,122,278,.439,71,196,.362,51,82,.622,.567,27,38,.711,53,194,247,88,44,23,16,90,342,0,,wadede01
307,Bryce McGowens,23,NOP,SG,42,13,880,114,237,.481,38,93,.409,76,144,.528,.561,74,95,.779,12,76,88,62,27,8,17,88,340,0,,mcgowbr01
308,Mitchell Robinson,27,NYK,C,60,16,1175,149,206,.723,0,0,,149,206,.723,.723,42,103,.408,252,273,525,52,56,70,41,127,340,0,6MOY-8,robinmi01
309,Devin Carter,23,SAC,PG,38,12,700,121,292,.414,30,114,.263,91,178,.511,.466,67,94,.713,36,89,125,101,34,9,54,50,339,0,,cartede02
310,Jevon Carter,30,2TM,PG,53,1,867,123,307,.401,78,215,.363,45,92,.489,.528,15,19,.789,14,75,89,87,40,10,36,57,339,0,,carteje01
310,Jevon Carter,30,CHI,PG,23,0,254,41,103,.398,32,78,.410,9,25,.360,.553,10,10,1.000,5,21,26,19,13,2,11,19,124,0,,carteje01
310,Jevon Carter,30,ORL,PG,30,1,613,82,204,.402,46,137,.336,36,67,.537,.515,5,9,.556,9,54,63,68,27,8,25,38,215,0,,carteje01
311,Jericho Sims,27,MIL,C,67,19,1318,145,185,.784,0,0,,145,185,.784,.784,44,71,.620,147,223,370,104,19,17,75,146,334,1,,simsje01
312,Sharife Cooper,24,WAS,PG,41,1,700,127,247,.514,29,76,.382,98,171,.573,.573,50,60,.833,18,68,86,124,16,5,61,61,333,0,,coopesh01
313,Ben Saraf,19,BRK,SG,44,11,916,120,303,.396,19,90,.211,101,213,.474,.427,73,88,.830,20,72,92,145,38,8,99,81,332,0,,sarafbe01
314,Rayan Rupert,21,2TM,SG,64,8,1072,123,313,.393,44,136,.324,79,177,.446,.463,42,54,.778,48,140,188,68,55,9,55,124,332,1,,ruperra01
314,Rayan Rupert,21,POR,SG,48,0,577,53,147,.361,22,71,.310,31,76,.408,.435,9,14,.643,23,63,86,34,29,2,28,60,137,0,,ruperra01
314,Rayan Rupert,21,MEM,SG,16,8,495,70,166,.422,22,65,.338,48,101,.475,.488,33,40,.825,25,77,102,34,26,7,27,64,195,1,,ruperra01
315,Kris Murray,25,POR,SF,57,15,1333,129,276,.467,34,122,.279,95,154,.617,.529,39,57,.684,90,116,206,81,51,22,47,92,331,0,,murrakr01
316,Kasparas Jakučionis,19,MIA,PG,53,12,945,102,238,.429,66,156,.423,36,82,.439,.567,58,66,.879,43,95,138,137,33,7,50,99,328,0,,jakucka01
317,Anthony Gill,33,WAS,PF,55,8,951,135,215,.628,17,48,.354,118,167,.707,.667,34,46,.739,58,100,158,69,31,21,36,88,321,0,,gillan01
318,Keegan Murray,25,SAC,PF,23,22,793,126,300,.420,31,112,.277,95,188,.505,.472,38,49,.776,33,99,132,38,24,36,27,42,321,0,,murrake02
319,Jaden Ivey,23,2TM,SG,37,5,670,114,256,.445,50,134,.373,64,122,.525,.543,38,47,.809,24,67,91,68,23,14,41,53,316,0,,iveyja01
319,Jaden Ivey,23,DET,SG,33,2,555,99,220,.450,42,113,.372,57,107,.533,.545,30,38,.789,19,53,72,52,15,12,35,44,270,0,,iveyja01
319,Jaden Ivey,23,CHI,SG,4,3,115,15,36,.417,8,21,.381,7,15,.467,.528,8,9,.889,5,14,19,16,8,2,6,9,46,0,,iveyja01
320,Ochai Agbaji,25,2TM,SG,62,13,973,122,280,.436,34,128,.266,88,152,.579,.496,36,43,.837,46,95,141,47,24,17,31,93,314,0,,agbajoc01
320,Ochai Agbaji,25,TOR,SG,42,13,650,72,170,.424,12,65,.185,60,105,.571,.459,25,29,.862,33,62,95,30,17,11,19,75,181,0,,agbajoc01
320,Ochai Agbaji,25,BRK,SG,20,0,323,50,110,.455,22,63,.349,28,47,.596,.555,11,14,.786,13,33,46,17,7,6,12,18,133,0,,agbajoc01
321,Aaron Holiday,29,HOU,PG,57,1,781,105,252,.417,67,170,.394,38,82,.463,.550,35,41,.854,13,45,58,60,27,5,38,72,312,0,,holidaa01
322,Jett Howard,22,ORL,SF,55,0,695,105,251,.418,54,145,.372,51,106,.481,.526,37,39,.949,23,64,87,45,10,11,15,66,301,0,,howarje01
323,Domantas Sabonis,29,SAC,C,19,15,564,120,221,.543,5,27,.185,115,194,.593,.554,56,77,.727,64,152,216,78,18,4,51,66,301,0,,sabondo01
324,Vince Williams Jr.,25,2TM,SG,40,12,820,103,292,.353,55,177,.311,48,115,.417,.447,39,50,.780,39,116,155,166,29,16,70,80,300,0,,willivi01
324,Vince Williams Jr.,25,MEM,PG,34,12,736,93,264,.352,49,159,.308,44,105,.419,.445,37,46,.804,34,102,136,150,27,14,63,71,272,0,,willivi01
324,Vince Williams Jr.,25,UTA,SG,6,0,84,10,28,.357,6,18,.333,4,10,.400,.464,2,4,.500,5,14,19,16,2,2,7,9,28,0,,willivi01
325,Carter Bryant,20,SAS,PF,71,0,818,108,265,.408,52,155,.335,56,110,.509,.506,30,42,.714,38,140,178,47,16,23,33,94,298,0,,bryanca01
326,Ty Jerome,28,MEM,SG,15,15,339,102,215,.474,42,100,.420,60,115,.522,.572,49,56,.875,11,31,42,85,16,4,27,31,295,0,,jeromty01
327,Nicolas Batum,37,LAC,PF,74,6,1295,96,238,.403,92,228,.404,4,10,.400,.597,9,11,.818,23,161,184,64,47,23,37,100,293,0,,batumni01
328,Tre Mann,24,CHO,PG,53,1,669,109,303,.360,50,155,.323,59,148,.399,.442,23,27,.852,20,72,92,86,25,5,54,69,291,0,,manntr01
329,Tyrese Martin,26,2TM,SG,46,6,777,109,277,.394,53,165,.321,56,112,.500,.489,19,28,.679,34,82,116,78,25,6,40,33,290,0,,martity01
329,Tyrese Martin,26,BRK,SG,37,6,696,100,255,.392,51,152,.336,49,103,.476,.492,19,26,.731,32,74,106,69,22,4,33,30,270,0,,martity01
329,Tyrese Martin,26,PHI,SG,9,0,81,9,22,.409,2,13,.154,7,9,.778,.455,0,2,.000,2,8,10,9,3,2,7,3,20,0,,martity01
330,Hugo González,19,BOS,SF,74,3,1084,117,246,.476,42,116,.362,75,130,.577,.561,13,26,.500,62,184,246,40,42,21,38,124,289,0,,gonzahu01
331,Craig Porter Jr.,25,CLE,PG,64,3,1148,116,258,.450,33,93,.355,83,165,.503,.514,24,40,.600,85,135,220,205,57,38,59,70,289,0,,portecr01
332,Jarred Vanderbilt,26,LAL,PF,65,3,1128,113,240,.471,29,99,.293,84,141,.596,.531,33,56,.589,80,212,292,84,55,19,56,104,288,0,,vandeja01
333,Clint Capela,31,HOU,C,75,3,926,118,227,.520,1,2,.500,117,225,.520,.522,45,78,.577,160,185,345,50,36,63,41,74,282,0,,capelca01
334,Obi Toppin,27,IND,PF,24,3,424,100,199,.503,37,105,.352,63,94,.670,.595,42,46,.913,13,93,106,55,12,1,28,28,279,0,,toppiob01
335,Jabari Walker,23,PHI,PF,64,6,762,97,213,.455,32,95,.337,65,118,.551,.531,50,68,.735,72,120,192,34,23,13,27,103,276,0,,walkeja01
336,Nick Richards,28,2TM,C,48,6,701,103,201,.512,5,18,.278,98,183,.536,.525,65,101,.644,77,166,243,16,10,32,59,88,276,0,,richani01
336,Nick Richards,28,PHO,C,28,2,254,35,71,.493,0,0,,35,71,.493,.493,19,28,.679,35,56,91,8,4,14,25,39,89,0,,richani01
336,Nick Richards,28,CHI,C,20,4,447,68,130,.523,5,18,.278,63,112,.563,.542,46,73,.630,42,110,152,8,6,18,34,49,187,0,,richani01
337,Jaylen Clark,24,MIN,SG,68,1,888,99,228,.434,33,101,.327,66,127,.520,.507,44,67,.657,54,66,120,43,47,9,23,87,275,0,,clarkja02
338,Tyler Kolek,24,NYK,PG,62,1,727,108,248,.435,44,114,.386,64,134,.478,.524,14,20,.700,16,82,98,170,22,4,55,65,274,0,,kolekty01
339,Tyrese Proctor,21,CLE,PG,50,1,545,93,225,.413,46,131,.351,47,94,.500,.516,40,45,.889,11,53,64,74,25,0,40,59,272,0,,proctty01
340,Trae Young,27,2TM,PG,15,15,384,81,177,.458,27,80,.338,54,97,.557,.534,80,97,.825,4,26,30,120,13,2,39,33,269,0,,youngtr01
340,Trae Young,27,ATL,PG,10,10,280,56,135,.415,18,59,.305,38,76,.500,.481,63,73,.863,0,15,15,89,10,1,26,20,193,0,,youngtr01
340,Trae Young,27,WAS,PG,5,5,104,25,42,.595,9,21,.429,16,21,.762,.702,17,24,.708,4,11,15,31,3,1,13,13,76,0,,youngtr01
341,Kyle Anderson,32,3TM,SF,43,5,853,107,202,.530,4,11,.364,103,191,.539,.540,48,68,.706,42,108,150,126,45,26,39,96,266,0,,anderky01
341,Kyle Anderson,32,UTA,SF,20,0,401,57,109,.523,3,5,.600,54,104,.519,.537,25,38,.658,19,47,66,61,23,10,17,46,142,0,,anderky01
341,Kyle Anderson,32,MEM,SF,4,3,89,15,19,.789,1,1,1.000,14,18,.778,.816,6,8,.750,3,11,14,3,6,4,7,12,37,0,,anderky01
341,Kyle Anderson,32,MIN,SF,19,2,363,35,74,.473,0,5,.000,35,69,.507,.473,17,22,.773,20,50,70,62,16,12,15,38,87,0,,anderky01
342,D'Angelo Russell,29,DAL,PG,26,3,495,94,232,.405,33,112,.295,61,120,.508,.476,43,60,.717,8,53,61,104,12,2,49,30,264,0,,russeda01
343,Jamaree Bouyea,26,PHO,PG,46,1,644,108,236,.458,23,78,.295,85,158,.538,.506,24,35,.686,18,64,82,82,29,16,30,38,263,0,,bouyeja01
344,Micah Peavy,24,NOP,SG,61,4,913,106,275,.385,28,108,.259,78,167,.467,.436,22,29,.759,46,71,117,61,43,9,20,96,262,0,,peavymi01
345,Jalen Pickett,26,DEN,SG,50,18,807,98,232,.422,49,127,.386,49,105,.467,.528,15,19,.789,18,96,114,115,13,5,34,42,260,0,,pickeja02
346,Jordan Hawkins,23,NOP,SG,51,1,692,94,257,.366,47,135,.348,47,122,.385,.457,23,27,.852,20,68,88,42,13,10,34,30,258,0,,hawkijo01
347,Pete Nance,25,MIL,PF,47,6,737,100,194,.515,50,119,.420,50,75,.667,.644,4,11,.364,27,98,125,48,14,14,26,62,254,0,,nancepe01
348,Grant Williams,27,CHO,PF,36,3,711,78,183,.426,52,134,.388,26,49,.531,.568,44,54,.815,46,96,142,56,17,18,31,56,252,0,,willigr01
349,Josh Green,25,CHO,SG,58,0,908,83,181,.459,58,138,.420,25,43,.581,.619,25,28,.893,45,57,102,47,35,6,35,64,249,0,,greenjo02
350,Kevin Love,37,UTA,PF,37,5,613,79,199,.397,53,142,.373,26,57,.456,.530,37,44,.841,55,160,215,67,14,9,30,54,248,0,,loveke01
351,John Konchar,29,2TM,SG,56,8,1115,94,199,.472,28,99,.283,66,100,.660,.543,32,44,.727,74,166,240,118,83,38,35,79,248,2,,konchjo01
351,John Konchar,29,MEM,SG,30,1,435,37,71,.521,13,39,.333,24,32,.750,.613,8,13,.615,20,72,92,40,31,13,14,30,95,0,,konchjo01
351,John Konchar,29,UTA,SG,26,7,680,57,128,.445,15,60,.250,42,68,.618,.504,24,31,.774,54,94,148,78,52,25,21,49,153,2,,konchjo01
352,Moritz Wagner,28,ORL,C,36,0,427,83,195,.426,22,70,.314,61,125,.488,.482,59,72,.819,27,88,115,27,15,2,19,58,247,0,,wagnemo01
353,Mohamed Diawara,20,NYK,SF,69,7,634,90,213,.423,48,130,.369,42,83,.506,.535,18,24,.750,15,79,94,53,17,6,30,50,246,0,,diawamo01
354,Mike Conley,38,MIN,PG,54,15,991,72,215,.335,56,166,.337,16,49,.327,.465,45,50,.900,18,75,93,157,35,14,34,84,245,0,,conlemi01
355,Branden Carlson,26,OKC,C,42,4,488,98,186,.527,31,86,.360,67,100,.670,.610,15,26,.577,29,95,124,29,8,27,16,36,242,0,,carlsbr01
356,Terrence Shannon Jr.,25,MIN,SG,43,2,538,77,171,.450,31,76,.408,46,95,.484,.541,56,70,.800,10,39,49,38,14,1,24,50,241,0,,shannte01
357,Taurean Prince,31,MIL,SF,26,7,611,86,191,.450,61,140,.436,25,51,.490,.610,6,6,1.000,4,77,81,46,16,6,31,48,239,0,,princta02
358,Jase Richardson,20,ORL,SG,54,0,587,89,188,.473,28,79,.354,61,109,.560,.548,33,46,.717,21,42,63,58,19,2,25,53,239,0,,richaja02
359,Dylan Cardwell,24,SAC,C,44,1,907,105,179,.587,2,4,.500,103,175,.589,.592,26,51,.510,147,185,332,62,30,67,39,161,238,0,,cardwdy01
360,Rasheer Fleming,21,PHO,PF,55,1,673,87,215,.405,45,130,.346,42,85,.494,.509,19,34,.559,57,67,124,16,22,21,29,64,238,0,,flemira01
361,Cole Anthony,25,MIL,PG,35,0,527,98,231,.424,22,72,.306,76,159,.478,.472,16,26,.615,16,71,87,121,20,11,65,73,234,0,,anthoco01
362,Dejounte Murray,29,NOP,PG,14,14,389,88,182,.484,19,62,.306,69,120,.575,.536,39,45,.867,4,71,75,89,23,3,47,33,234,0,,murrade01
363,Gabe Vincent,29,2TM,PG,53,7,879,76,216,.352,59,173,.341,17,43,.395,.488,20,23,.870,17,37,54,76,27,3,27,79,231,0,,vincega01
363,Gabe Vincent,29,LAL,PG,29,7,559,45,130,.346,38,103,.369,7,27,.259,.492,10,11,.909,7,20,27,37,14,1,12,53,138,0,,vincega01
363,Gabe Vincent,29,ATL,PG,24,0,320,31,86,.360,21,70,.300,10,16,.625,.483,10,12,.833,10,17,27,39,13,2,15,26,93,0,,vincega01
364,Dalton Knecht,24,LAL,SF,54,1,553,87,191,.455,38,111,.342,49,80,.613,.555,16,22,.727,14,61,75,21,11,11,23,45,228,0,,knechda01
365,Caleb Martin,30,DAL,SF,58,12,856,85,189,.450,20,57,.351,65,132,.492,.503,37,61,.607,28,115,143,81,40,15,40,86,227,0,,martica02
366,Asa Newell,20,ATL,PF,44,2,500,91,169,.538,29,75,.387,62,94,.660,.624,16,29,.552,44,52,96,26,16,15,23,65,227,0,,newelas01
367,Noah Penda,21,ORL,SF,59,2,757,82,203,.404,30,93,.323,52,110,.473,.478,33,48,.688,67,120,187,70,30,18,42,70,227,0,,pendano01
368,Ethan Thompson,26,IND,SG,32,13,653,74,196,.378,38,116,.328,36,80,.450,.474,37,47,.787,17,52,69,57,20,9,25,69,223,0,,thompet01
369,Tidjane Salaün,20,CHO,PF,37,0,575,80,159,.503,36,83,.434,44,76,.579,.616,26,40,.650,26,123,149,27,16,7,26,54,222,0,,salauti01
370,Drew Eubanks,28,SAC,C,42,11,552,93,156,.596,1,7,.143,92,149,.617,.599,32,57,.561,39,88,127,19,15,26,30,57,219,0,,eubandr01
371,Jamal Cain,26,ORL,SF,40,1,486,74,152,.487,28,73,.384,46,79,.582,.579,39,46,.848,28,50,78,29,11,4,19,53,215,0,,cainja01
372,Oscar Tshiebwe,26,UTA,C,27,6,448,92,145,.634,0,0,,92,145,.634,.634,27,49,.551,77,102,179,32,16,5,21,39,211,0,,tshieos01
373,Dwight Powell,34,DAL,C,63,12,904,65,101,.644,2,7,.286,63,94,.670,.653,78,112,.696,96,161,257,68,34,21,41,133,210,0,,poweldw01
374,Tyus Jones,29,3TM,PG,67,12,979,76,218,.349,40,137,.292,36,81,.444,.440,7,9,.778,12,64,76,159,37,3,25,31,199,0,,jonesty01
374,Tyus Jones,29,ORL,PG,48,8,754,54,158,.342,30,102,.294,24,56,.429,.437,6,6,1.000,9,44,53,116,33,3,14,25,144,0,,jonesty01
374,Tyus Jones,29,DAL,PG,8,2,133,13,34,.382,4,19,.211,9,15,.600,.441,1,2,.500,1,8,9,30,3,0,5,5,31,0,,jonesty01
374,Tyus Jones,29,DEN,PG,11,2,92,9,26,.346,6,16,.375,3,10,.300,.462,0,1,.000,2,12,14,13,1,0,6,1,24,0,,jonesty01
375,Marcus Sasser,25,DET,PG,38,5,457,69,177,.390,44,106,.415,25,71,.352,.514,15,18,.833,7,32,39,75,20,4,31,41,197,0,,sassema01
376,Cam Whitmore,21,WAS,SF,21,0,354,77,169,.456,16,56,.286,61,113,.540,.503,23,31,.742,19,39,58,15,15,8,18,25,193,0,,whitmca01
377,Jamison Battle,24,TOR,SF,61,2,517,74,145,.510,35,85,.412,39,60,.650,.631,9,14,.643,20,69,89,24,7,3,19,42,192,0,,battlja01
378,Jahmai Mashack,23,MEM,SG,31,7,673,77,195,.395,19,75,.253,58,120,.483,.444,19,35,.543,23,58,81,69,37,14,49,67,192,1,,mashaja01
379,Zeke Nnaji,25,DEN,PF,52,4,626,71,151,.470,14,54,.259,57,97,.588,.517,34,44,.773,33,103,136,29,17,24,27,71,190,0,,nnajize01
380,Tyson Etienne,26,BRK,PG,24,2,380,58,145,.400,43,108,.398,15,37,.405,.548,30,36,.833,5,22,27,40,11,0,16,47,189,0,,etienty01
381,Steven Adams,32,HOU,C,32,11,730,70,139,.504,0,0,,70,139,.504,.504,47,81,.580,145,131,276,48,22,20,35,55,187,0,,adamsst01
382,Keaton Wallace,26,ATL,PG,53,3,536,68,171,.398,38,102,.373,30,69,.435,.509,12,18,.667,3,53,56,94,24,5,28,48,186,0,,wallake01
383,Nick Smith Jr.,21,LAL,SG,30,1,375,70,161,.435,34,86,.395,36,75,.480,.540,11,15,.733,3,20,23,31,9,2,21,28,185,0,,smithni01
384,Trayce Jackson-Davis,25,2TM,C,53,1,496,71,124,.573,1,1,1.000,70,123,.569,.577,38,74,.514,66,79,145,39,17,24,22,45,181,0,,jackstr02
384,Trayce Jackson-Davis,25,GSW,C,36,1,411,60,102,.588,1,1,1.000,59,101,.584,.593,29,52,.558,47,65,112,32,13,19,18,40,150,0,,jackstr02
384,Trayce Jackson-Davis,25,TOR,C,17,0,85,11,22,.500,0,0,,11,22,.500,.500,9,22,.409,19,14,33,7,4,5,4,5,31,0,,jackstr02
385,Johnny Furphy,21,IND,SG,35,21,643,70,149,.470,23,71,.324,47,78,.603,.547,17,35,.486,32,121,153,41,20,7,29,65,180,0,,furphjo01
386,Elijah Harkless,25,UTA,SG,26,9,545,54,161,.335,21,88,.239,33,73,.452,.401,49,64,.766,10,43,53,75,31,6,26,52,178,0,,harklej01
387,Yanic Konan Niederhäuser,22,LAC,C,41,0,424,64,100,.640,1,5,.200,63,95,.663,.645,47,62,.758,37,80,117,12,5,30,23,66,176,0,,konanya01
388,Dalen Terry,23,2TM,SG,48,0,551,68,155,.439,24,66,.364,44,89,.494,.516,16,30,.533,26,60,86,66,29,15,26,49,176,0,,terryda01
388,Dalen Terry,23,CHI,SG,34,0,377,45,102,.441,19,46,.413,26,56,.464,.534,9,17,.529,19,45,64,43,22,11,21,33,118,0,,terryda01
388,Dalen Terry,23,PHI,SG,14,0,174,23,53,.434,5,20,.250,18,33,.545,.481,7,13,.538,7,15,22,23,7,4,5,16,58,0,,terryda01
389,Matisse Thybulle,28,POR,SG,30,0,480,58,134,.433,37,93,.398,21,41,.512,.571,21,25,.840,17,42,59,27,60,16,28,43,174,0,,thybuma01
390,Bogdan Bogdanović,33,LAC,SG,23,3,452,59,152,.388,33,95,.347,26,57,.456,.497,20,25,.800,6,53,59,51,10,3,27,46,171,0,,bogdabo01
391,Taelon Peter,23,IND,SG,38,0,492,60,158,.380,41,125,.328,19,33,.576,.509,10,16,.625,10,49,59,40,26,4,27,38,171,0,,peterta01
392,Moussa Cisse,23,DAL,C,38,1,530,66,115,.574,0,0,,66,115,.574,.574,38,81,.469,89,127,216,9,19,45,30,73,170,0,,cissemo01
393,Blake Hinson,26,UTA,SF,14,3,285,59,115,.513,37,79,.468,22,36,.611,.674,12,16,.750,11,22,33,16,5,2,5,24,167,0,,hinsobl01
394,Kennedy Chandler,23,UTA,PG,11,2,355,61,137,.445,15,38,.395,46,99,.465,.500,28,43,.651,6,31,37,74,11,2,23,23,165,0,,chandke01
395,Doug McDermott,34,SAC,SF,29,0,439,54,139,.388,48,123,.390,6,16,.375,.561,8,9,.889,7,30,37,22,6,4,13,28,164,0,,mcderdo01
396,Myron Gardner,24,MIA,SF,45,7,411,59,123,.480,26,64,.406,33,59,.559,.585,19,26,.731,39,83,122,44,20,8,17,78,163,0,,gardnmy01
397,Cameron Payne,31,PHI,PG,22,1,374,56,149,.376,32,97,.330,24,52,.462,.483,19,22,.864,3,41,44,58,24,7,11,30,163,0,,payneca01
398,Kam Jones,23,IND,SG,37,7,616,68,169,.402,22,75,.293,46,94,.489,.467,4,8,.500,15,45,60,119,18,0,36,39,162,0,,joneska03
399,Tony Bradley,28,2TM,C,41,4,450,64,117,.547,2,4,.500,62,113,.549,.556,32,43,.744,60,56,116,22,6,7,18,62,162,0,,bradlto01
399,Tony Bradley,28,IND,C,38,3,416,59,106,.557,1,2,.500,58,104,.558,.561,32,43,.744,56,51,107,20,6,7,17,60,151,0,,bradlto01
399,Tony Bradley,28,ATL,C,3,1,34,5,11,.455,1,2,.500,4,9,.444,.500,0,0,,4,5,9,2,0,0,1,2,11,0,,bradlto01
400,Lonzo Ball,28,CLE,PG,35,3,728,53,176,.301,40,147,.272,13,29,.448,.415,14,21,.667,26,114,140,136,45,9,52,46,160,0,,balllo01
401,AJ Johnson,21,2TM,SG,48,0,454,57,176,.324,12,57,.211,45,119,.378,.358,34,40,.850,14,41,55,47,11,3,30,30,160,0,,johnsaj01
401,AJ Johnson,21,WAS,SG,25,0,214,27,83,.325,7,25,.280,20,58,.345,.367,9,12,.750,8,23,31,22,7,0,18,15,70,0,,johnsaj01
401,AJ Johnson,21,DAL,SG,23,0,240,30,93,.323,5,32,.156,25,61,.410,.349,25,28,.893,6,18,24,25,4,3,12,15,90,0,,johnsaj01
402,Jeremy Sochan,22,2TM,PF,44,0,469,64,129,.496,11,45,.244,53,84,.631,.539,19,26,.731,37,70,107,40,17,7,21,62,158,0,,sochaje01
402,Jeremy Sochan,22,SAS,PF,28,0,358,47,99,.475,9,35,.257,38,64,.594,.520,11,16,.688,26,47,73,28,10,5,18,50,114,0,,sochaje01
402,Jeremy Sochan,22,NYK,PF,16,0,111,17,30,.567,2,10,.200,15,20,.750,.600,8,10,.800,11,23,34,12,7,2,3,12,44,0,,sochaje01
403,Cormac Ryan,27,MIL,SG,11,2,271,53,102,.520,27,59,.458,26,43,.605,.652,24,26,.923,8,20,28,19,11,3,17,27,157,0,,ryanco01
404,Joan Beringer,19,MIN,PF,40,3,314,65,98,.663,0,0,,65,98,.663,.663,26,37,.703,45,47,92,12,7,26,11,47,156,0,,berinjo01
405,Cam Christie,20,LAC,SG,55,0,480,53,139,.381,12,49,.245,41,90,.456,.424,38,50,.760,19,59,78,31,16,3,22,19,156,0,,chrisca02
406,Julian Reese,22,WAS,PF,13,10,402,63,119,.529,0,0,,63,119,.529,.529,28,44,.636,55,82,137,24,18,8,32,42,154,0,,reeseju01
407,Zach Edey,23,MEM,C,11,11,284,62,98,.633,1,5,.200,61,93,.656,.638,25,32,.781,43,79,122,12,7,21,26,37,150,0,,edeyza01
408,Amir Coffey,28,2TM,SG,46,3,490,55,113,.487,17,49,.347,38,64,.594,.562,22,28,.786,19,38,57,27,9,5,9,30,149,0,,coffeam01
408,Amir Coffey,28,MIL,SG,30,2,265,26,55,.473,7,25,.280,19,30,.633,.536,13,15,.867,6,20,26,11,3,3,4,14,72,0,,coffeam01
408,Amir Coffey,28,PHO,SG,16,1,225,29,58,.500,10,24,.417,19,34,.559,.586,9,13,.692,13,18,31,16,6,2,5,16,77,0,,coffeam01
409,LJ Cryer,24,GSW,PG,18,1,292,47,117,.402,37,94,.394,10,23,.435,.560,17,19,.895,4,24,28,18,3,0,14,28,148,0,,cryerlj01
410,Blake Wesley,22,POR,SG,31,0,361,56,124,.452,10,36,.278,46,88,.523,.492,26,47,.553,8,31,39,62,16,5,31,34,148,0,,weslebl01
411,E.J. Liddell,25,BRK,PF,26,5,349,54,111,.486,18,52,.346,36,59,.610,.568,21,26,.808,14,55,69,24,6,10,15,45,147,0,,liddeej01
412,Julian Phillips,22,2TM,SF,48,2,428,51,121,.421,20,65,.308,31,56,.554,.504,18,23,.783,23,26,49,10,22,7,11,43,140,0,,phillju01
412,Julian Phillips,22,CHI,SF,35,2,334,37,88,.420,16,49,.327,21,39,.538,.511,9,11,.818,22,22,44,7,17,6,7,33,99,0,,phillju01
412,Julian Phillips,22,MIN,SF,13,0,94,14,33,.424,4,16,.250,10,17,.588,.485,9,12,.750,1,4,5,3,5,1,4,10,41,0,,phillju01
413,Chaney Johnson,23,BRK,SF,17,1,348,51,94,.543,9,30,.300,42,64,.656,.590,28,35,.800,33,46,79,36,15,9,20,51,139,0,,johnsch06
414,Khaman Maluach,19,PHO,C,46,1,411,56,105,.533,5,21,.238,51,84,.607,.557,22,31,.710,49,84,133,6,5,33,25,43,139,0,,maluakh01
415,Keshad Johnson,24,MIA,SF,32,0,280,51,104,.490,13,44,.295,38,60,.633,.553,21,29,.724,26,36,62,8,15,8,13,28,136,0,,johnske10
416,Jonathan Isaac,28,ORL,PF,52,0,521,46,109,.422,7,38,.184,39,71,.549,.454,35,58,.603,43,89,132,22,20,31,18,41,134,0,,isaacjo01
417,Max Strus,29,CLE,SF,12,5,288,47,106,.443,33,82,.402,14,24,.583,.599,7,9,.778,9,56,65,24,3,0,9,34,134,0,,strusma01
418,Kelly Olynyk,34,SAS,C,42,0,360,47,96,.490,12,47,.255,35,49,.714,.552,27,38,.711,24,52,76,49,15,3,24,39,133,0,,olynyke01
419,Liam McNeeley,20,CHO,SF,31,0,368,38,95,.400,24,60,.400,14,35,.400,.526,32,39,.821,13,60,73,24,5,3,13,36,132,0,,mcneeli01
420,Larry Nance Jr.,33,CLE,PF,35,3,449,52,124,.419,21,63,.333,31,61,.508,.504,6,13,.462,29,64,93,34,21,6,20,55,131,0,,nancela02
421,Tyler Burton,25,MEM,SF,12,0,307,42,112,.375,22,66,.333,20,46,.435,.473,23,27,.852,8,42,50,12,11,4,11,31,129,0,,burtoty01
422,Jae'Sean Tate,30,HOU,SF,46,1,405,56,109,.514,10,32,.313,46,77,.597,.560,7,11,.636,33,40,73,25,10,3,16,48,129,0,,tateja01
423,Malaki Branham,22,WAS,SG,28,0,275,43,91,.473,14,37,.378,29,54,.537,.549,28,34,.824,12,32,44,23,10,3,15,21,128,0,,branhma01
424,Gary Harris,31,MIL,SG,48,2,661,46,104,.442,28,68,.412,18,36,.500,.577,8,9,.889,16,45,61,51,27,9,19,53,128,0,,harriga01
425,Killian Hayes,24,SAC,PG,23,3,406,42,138,.304,17,63,.270,25,75,.333,.366,26,28,.929,4,50,54,81,21,4,28,36,127,0,,hayeski01
426,Malachi Smith,26,BRK,SG,15,4,359,48,99,.485,20,46,.435,28,53,.528,.586,8,8,1.000,12,39,51,49,12,4,14,13,124,0,,smithma02
427,Dorian Finney-Smith,32,HOU,PF,37,1,620,44,132,.333,27,100,.270,17,32,.531,.436,8,9,.889,35,58,93,36,16,6,22,61,123,0,,finnedo01
428,Ron Harper Jr.,25,BOS,SF,29,3,318,46,110,.418,28,80,.350,18,30,.600,.545,3,4,.750,15,33,48,22,10,9,8,20,123,0,,harpero02
429,Bronny James,21,LAL,SG,42,1,375,47,115,.409,22,57,.386,25,58,.431,.504,6,7,.857,5,18,23,51,19,4,25,28,122,0,,jamesbr02
430,Bez Mbeng,22,UTA,SG,15,5,492,50,100,.500,6,31,.194,44,69,.638,.530,16,25,.640,18,39,57,62,34,5,22,46,122,1,,mbengbe01
431,Ariel Hukporti,23,NYK,C,54,5,498,45,80,.563,1,4,.250,44,76,.579,.569,26,33,.788,56,103,159,29,9,26,32,67,117,0,,hukpoar01
432,John Poulakidas,22,DAL,SG,13,0,253,39,91,.429,31,77,.403,8,14,.571,.599,6,7,.857,4,26,30,11,7,4,4,28,115,0,,poulajo01
433,Scotty Pippen Jr.,25,MEM,PG,10,6,212,43,96,.448,10,32,.313,33,64,.516,.500,18,23,.783,8,14,22,47,19,4,27,31,114,0,,pippesc02
434,Andre Jackson Jr.,24,MIL,SG,48,1,408,39,119,.328,15,60,.250,24,59,.407,.391,20,32,.625,25,47,72,43,19,4,31,43,113,0,,jacksan01
435,Nate Williams,26,GSW,SG,14,2,239,43,88,.489,13,30,.433,30,58,.517,.563,13,15,.867,20,10,30,14,5,0,15,26,112,0,,willije02
436,Pat Connaughton,33,CHO,SG,42,0,297,38,85,.447,21,52,.404,17,33,.515,.571,13,20,.650,15,46,61,18,11,1,11,9,110,0,,connapa01
437,Leaky Black,26,WAS,SF,15,9,433,40,103,.388,19,55,.345,21,48,.438,.481,7,8,.875,15,60,75,22,18,8,14,40,106,0,,blackle01
438,A.J. Lawson,25,TOR,SG,24,0,226,34,78,.436,19,45,.422,15,33,.455,.558,14,18,.778,9,34,43,7,12,4,6,27,101,0,,lawsoaj01
439,Jeremiah Robinson-Earl,25,2TM,PF,22,3,361,37,100,.370,10,41,.244,27,59,.458,.420,17,18,.944,36,67,103,15,9,1,12,26,101,0,,robinje02
439,Jeremiah Robinson-Earl,25,IND,PF,17,3,300,29,83,.349,8,33,.242,21,50,.420,.398,13,14,.929,32,56,88,12,7,1,10,23,79,0,,robinje02
439,Jeremiah Robinson-Earl,25,DAL,PF,5,0,61,8,17,.471,2,8,.250,6,9,.667,.529,4,4,1.000,4,11,15,3,2,0,2,3,22,0,,robinje02
440,Dariq Whitehead,21,MEM,SF,6,2,183,37,93,.398,19,60,.317,18,33,.545,.500,5,7,.714,2,22,24,9,4,0,10,13,98,0,,whiteda01
441,Zach Collins,28,CHI,C,10,0,184,37,64,.578,9,21,.429,28,43,.651,.648,14,20,.700,16,40,56,15,2,4,10,18,97,0,,colliza01
442,MarJon Beauchamp,25,PHI,SF,14,1,196,33,76,.434,16,47,.340,17,29,.586,.539,13,19,.684,7,25,32,15,9,4,13,13,95,0,,beaucma01
443,Yang Hansen,20,POR,C,43,1,300,31,100,.310,5,42,.119,26,58,.448,.335,28,34,.824,20,46,66,22,3,10,32,43,95,0,,yangha01
444,Jalen Slawson,26,IND,SF,13,6,311,34,77,.442,15,40,.375,19,37,.514,.539,12,17,.706,7,50,57,36,20,14,17,27,95,0,,slawsja01
445,Lindy Waters III,28,SAS,SG,40,0,285,33,88,.375,27,79,.342,6,9,.667,.528,2,3,.667,3,26,29,19,6,1,7,24,95,0,,waterli01
446,Duop Reath,29,POR,C,32,0,258,33,74,.446,23,55,.418,10,19,.526,.601,5,6,.833,10,28,38,10,5,8,7,28,94,0,,reathdu01
447,DaRon Holmes,23,DEN,PF,25,6,210,31,61,.508,20,45,.444,11,16,.688,.672,11,14,.786,8,27,35,16,1,6,12,19,93,0,,holmeda01
448,Drew Timme,25,LAL,PF,27,1,235,38,66,.576,11,25,.440,27,41,.659,.659,5,9,.556,10,23,33,23,6,0,13,20,92,0,,timmedr01
449,KJ Simpson,23,2TM,PG,20,2,257,34,99,.343,12,40,.300,22,59,.373,.404,11,18,.611,9,28,37,43,16,0,25,18,91,0,,simpskj01
449,KJ Simpson,23,CHO,PG,14,2,223,31,89,.348,12,39,.308,19,50,.380,.416,10,16,.625,5,24,29,35,15,0,24,14,84,0,,simpskj01
449,KJ Simpson,23,DEN,PG,6,0,34,3,10,.300,0,1,.000,3,9,.333,.300,1,2,.500,4,4,8,8,1,0,1,4,7,0,,simpskj01
450,Jordan McLaughlin,29,SAS,PG,44,0,282,33,79,.418,17,40,.425,16,39,.410,.525,6,7,.857,7,25,32,38,20,2,15,11,89,0,,mclaujo01
451,Lachlan Olbrich,22,CHI,C,37,2,344,36,77,.468,2,19,.105,34,58,.586,.481,15,40,.375,45,67,112,42,12,8,16,49,89,1,,olbrila01
452,DeJon Jarreau,28,MEM,SG,11,0,231,33,83,.398,4,30,.133,29,53,.547,.422,18,23,.783,12,39,51,36,10,8,26,28,88,0,,jarrede01
453,Maxi Kleber,34,LAL,PF,43,1,461,33,73,.452,6,26,.231,27,47,.574,.493,14,26,.538,36,48,84,27,18,11,17,60,86,0,,klebima01
454,PJ Hall,23,2TM,C,19,2,214,30,59,.508,3,5,.600,27,54,.500,.534,23,29,.793,33,42,75,10,3,10,16,22,86,0,,hallpj01
454,PJ Hall,23,MEM,C,7,0,27,5,9,.556,1,3,.333,4,6,.667,.611,2,3,.667,3,6,9,2,0,2,1,3,13,0,,hallpj01
454,PJ Hall,23,CHO,C,12,2,187,25,50,.500,2,2,1.000,23,48,.479,.520,21,26,.808,30,36,66,8,3,8,15,19,73,0,,hallpj01
455,Adama-Alpha Bal,22,MEM,SG,8,1,241,28,68,.412,18,44,.409,10,24,.417,.544,9,10,.900,6,19,25,19,9,1,6,27,83,0,,balad01
456,Malevy Leons,26,GSW,SF,25,2,276,32,72,.444,4,16,.250,28,56,.500,.472,15,19,.789,30,23,53,23,14,9,13,31,83,0,,leonsma01
457,Chaz Lanier,24,DET,SG,34,0,262,28,89,.315,19,67,.284,9,22,.409,.421,5,6,.833,8,15,23,17,7,0,3,12,80,0,,laniech01
458,Garrison Mathews,29,IND,SG,15,1,196,21,52,.404,17,46,.370,4,6,.667,.567,19,23,.826,2,15,17,10,6,3,3,19,78,0,,mathega01
459,Charles Bassey,25,4TM,C,13,0,153,31,47,.660,0,0,,31,47,.660,.660,14,20,.700,23,34,57,7,4,11,6,19,76,0,,bassech01
459,Charles Bassey,25,MEM,C,2,0,31,3,8,.375,0,0,,3,8,.375,.375,1,3,.333,7,8,15,2,1,1,1,5,7,0,,bassech01
459,Charles Bassey,25,PHI,C,1,0,5,1,1,1.000,0,0,,1,1,1.000,1.000,0,0,,0,0,0,0,0,1,0,0,2,0,,bassech01
459,Charles Bassey,25,BOS,C,5,0,17,6,7,.857,0,0,,6,7,.857,.857,2,4,.500,4,2,6,0,1,2,1,3,14,0,,bassech01
459,Charles Bassey,25,GSW,C,5,0,100,21,31,.677,0,0,,21,31,.677,.677,11,13,.846,12,24,36,5,2,7,4,11,53,0,,bassech01
460,RayJ Dennis,24,3TM,PG,17,0,206,26,83,.313,14,45,.311,12,38,.316,.398,8,9,.889,8,18,26,33,4,4,17,21,74,0,,dennira01
460,RayJ Dennis,24,IND,PG,13,0,168,22,72,.306,12,38,.316,10,34,.294,.389,8,9,.889,8,13,21,26,3,4,14,16,64,0,,dennira01
460,RayJ Dennis,24,LAC,PG,1,0,4,0,0,,0,0,,0,0,,,0,0,,0,2,2,0,0,0,1,0,0,0,,dennira01
460,RayJ Dennis,24,ATL,PG,3,0,34,4,11,.364,2,7,.286,2,4,.500,.455,0,0,,0,3,3,7,1,0,2,5,10,0,,dennira01
461,Lucas Williamson,27,MEM,SG,7,2,224,25,75,.333,15,53,.283,10,22,.455,.433,8,8,1.000,11,27,38,18,11,1,10,26,73,0,,willilu01
462,Christian Koloko,25,3TM,C,27,4,357,31,74,.419,1,9,.111,30,65,.462,.426,10,15,.667,31,50,81,18,14,23,16,48,73,0,,kolokch01
462,Christian Koloko,25,LAL,C,2,0,6,0,0,,0,0,,0,0,,,0,0,,0,1,1,0,0,0,0,1,0,0,,kolokch01
462,Christian Koloko,25,MEM,C,11,2,195,14,35,.400,0,1,.000,14,34,.412,.400,1,4,.250,19,25,44,10,10,13,7,20,29,0,,kolokch01
462,Christian Koloko,25,ATL,C,14,2,156,17,39,.436,1,8,.125,16,31,.516,.449,9,11,.818,12,24,36,8,4,10,9,27,44,0,,kolokch01
463,Walker Kessler,24,UTA,C,5,5,154,26,37,.703,6,8,.750,20,29,.690,.784,14,20,.700,23,31,54,15,7,9,16,22,72,0,,kesslwa01
464,Seth Curry,35,GSW,SG,10,0,133,24,49,.490,12,25,.480,12,24,.500,.612,11,12,.917,4,8,12,10,3,0,2,7,71,0,,curryse01
465,Chris Youngblood,23,2TM,SG,34,0,185,22,63,.349,18,54,.333,4,9,.444,.492,9,10,.900,7,21,28,12,4,3,2,22,71,0,,youngch01
465,Chris Youngblood,23,OKC,SG,32,0,174,20,60,.333,16,51,.314,4,9,.444,.467,9,10,.900,7,21,28,11,4,3,2,20,65,0,,youngch01
465,Chris Youngblood,23,POR,SG,2,0,11,2,3,.667,2,3,.667,0,0,,1.000,0,0,,0,0,0,1,0,0,0,2,6,0,,youngch01
466,JD Davison,23,HOU,PG,28,0,218,24,64,.375,8,32,.250,16,32,.500,.438,13,19,.684,3,31,34,35,6,6,7,17,69,0,,davisjd01
467,Brooks Barnhizer,23,OKC,SG,40,0,348,27,71,.380,7,24,.292,20,47,.426,.430,7,10,.700,19,59,78,22,11,5,10,27,68,0,,barnhbr01
468,Jeff Green,39,HOU,PF,30,0,175,25,68,.368,12,44,.273,13,24,.542,.456,5,5,1.000,7,18,25,8,2,2,4,12,67,0,,greenje02
469,Mac McClung,27,2TM,SG,11,0,135,23,59,.390,7,30,.233,16,29,.552,.449,14,18,.778,2,8,10,10,11,3,9,19,67,0,,mccluma01
469,Mac McClung,27,IND,SG,3,0,34,7,18,.389,2,10,.200,5,8,.625,.444,3,4,.750,0,4,4,1,5,1,2,6,19,0,,mccluma01
469,Mac McClung,27,CHI,SG,8,0,101,16,41,.390,5,20,.250,11,21,.524,.451,11,14,.786,2,4,6,9,6,2,7,13,48,0,,mccluma01
470,Isaiah Livers,27,PHO,PF,36,0,347,22,64,.344,12,40,.300,10,24,.417,.438,9,12,.750,19,42,61,21,13,8,12,28,65,0,,liveris01
471,Yuki Kawamura,24,CHI,PG,18,0,209,17,52,.327,11,37,.297,6,15,.400,.433,17,19,.895,7,26,33,47,9,0,14,15,62,0,,kawamyu01
472,Jonathan Mogbo,24,TOR,PF,40,0,249,26,44,.591,0,1,.000,26,43,.605,.591,9,14,.643,19,49,68,25,11,8,14,26,61,0,,mogbojo01
473,Toby Okani,24,MEM,SG,6,4,217,25,70,.357,9,31,.290,16,39,.410,.421,1,8,.125,9,12,21,6,4,3,3,20,60,0,,okanito01
474,Kevon Looney,29,NOP,C,21,8,308,25,60,.417,2,13,.154,23,47,.489,.433,7,10,.700,48,70,118,34,9,10,9,34,59,0,,looneke01
475,Tolu Smith,25,DET,PF,15,0,137,18,36,.500,0,0,,18,36,.500,.500,20,30,.667,22,27,49,13,2,6,7,23,56,0,,smithto05
476,Tyler Smith,21,DAL,PF,12,0,166,21,50,.420,10,35,.286,11,15,.733,.520,4,6,.667,12,21,33,5,6,0,6,13,56,0,,smithty02
477,DeAndre Jordan,37,NOP,C,12,7,199,21,32,.656,0,0,,21,32,.656,.656,11,17,.647,26,50,76,11,4,10,9,16,53,0,,jordade01
478,Nikola Topić,20,OKC,PG,10,2,160,22,51,.431,6,15,.400,16,36,.444,.490,2,5,.400,7,12,19,44,5,0,25,13,52,0,,topicni01
479,Alijah Martin,24,TOR,SG,23,0,146,16,50,.320,4,21,.190,12,29,.414,.360,15,19,.789,9,12,21,12,8,4,8,12,51,0,,martial01
480,Kevin McCullar Jr.,24,NYK,SF,21,0,155,20,47,.426,8,24,.333,12,23,.522,.511,2,5,.400,11,17,28,20,9,0,12,22,50,0,,mcculke01
481,Bradley Beal,32,LAC,SG,6,6,121,18,48,.375,7,19,.368,11,29,.379,.448,6,8,.750,2,3,5,10,3,0,9,14,49,0,,bealbr01
482,Pacôme Dadiet,20,NYK,SG,29,0,136,16,48,.333,7,32,.219,9,16,.563,.406,9,11,.818,4,23,27,12,3,1,3,8,48,0,,dadiepa01
483,Tre Scott,29,BRK,PF,6,4,182,19,50,.380,6,19,.316,13,31,.419,.440,4,6,.667,10,21,31,10,8,5,4,12,48,0,,scotttr01
484,Trey Alexander,22,NOP,SG,9,0,111,19,37,.514,6,12,.500,13,25,.520,.595,3,5,.600,1,10,11,9,6,2,3,13,47,0,,alexatr01
485,Thanasis Antetokounmpo,33,MIL,SF,34,0,148,15,32,.469,0,4,.000,15,28,.536,.469,17,30,.567,12,18,30,15,13,6,10,18,47,0,,antetth01
486,Chris Paul,40,LAC,PG,16,0,228,18,56,.321,10,30,.333,8,26,.308,.411,1,2,.500,6,22,28,53,11,0,16,23,47,0,,paulch01
487,Adou Thiero,21,LAL,SF,25,0,149,16,31,.516,1,3,.333,15,28,.536,.532,14,22,.636,9,19,28,10,7,2,9,19,47,0,,thierad01
488,Kobe Bufkin,22,LAL,SG,16,1,119,15,50,.300,5,26,.192,10,24,.417,.350,11,12,.917,1,12,13,10,2,3,5,9,46,0,,bufkiko01
489,Hunter Tyson,25,DEN,PF,21,2,162,14,52,.269,7,33,.212,7,19,.368,.337,11,13,.846,4,32,36,17,2,1,5,13,46,0,,tysonhu01
490,Koby Brea,23,PHO,SG,12,0,84,15,36,.417,13,30,.433,2,6,.333,.597,2,2,1.000,1,7,8,10,1,0,4,6,45,0,,breako01
491,Alondes Williams,26,WAS,SG,4,0,101,16,26,.615,5,14,.357,11,12,.917,.712,7,8,.875,5,20,25,12,3,3,5,4,44,0,,willial06
492,Xavier Tillman Sr.,27,2TM,C,30,1,183,20,46,.435,3,18,.167,17,28,.607,.467,1,4,.250,19,24,43,13,9,5,8,15,44,0,,tillmxa01
492,Xavier Tillman Sr.,27,BOS,C,14,1,111,14,31,.452,3,15,.200,11,16,.688,.500,0,0,,10,15,25,5,6,2,5,9,31,0,,tillmxa01
492,Xavier Tillman Sr.,27,CHO,C,16,0,72,6,15,.400,0,3,.000,6,12,.500,.400,1,4,.250,9,9,18,8,3,3,3,6,13,0,,tillmxa01
493,Johnny Juzang,24,MIN,SG,21,0,88,16,38,.421,6,24,.250,10,14,.714,.500,5,8,.625,5,12,17,6,2,1,5,3,43,0,,juzanjo01
494,Miles Kelly,23,DAL,PG,14,0,134,16,44,.364,10,33,.303,6,11,.545,.477,1,1,1.000,5,19,24,12,4,1,6,12,43,0,,kellymi02
495,Caleb Houstan,23,ATL,SF,18,0,75,14,26,.538,11,21,.524,3,5,.600,.750,3,3,1.000,5,6,11,4,2,1,4,11,42,0,,houstca01
496,Joe Ingles,38,MIN,SF,27,2,153,16,27,.593,7,16,.438,9,11,.818,.722,2,2,1.000,0,19,19,34,9,2,14,9,41,0,,inglejo01
497,David Roddy,24,DEN,PF,5,0,73,15,30,.500,3,11,.273,12,19,.632,.550,7,7,1.000,8,12,20,4,4,1,2,7,40,0,,roddyda01
498,Haywood Highsmith,29,PHO,SF,7,0,91,12,23,.522,8,14,.571,4,9,.444,.696,6,7,.857,6,7,13,7,4,0,0,9,38,0,,highsha01
499,Tristan Enaruna,24,CLE,SF,9,0,85,14,28,.500,3,10,.300,11,18,.611,.554,6,8,.750,7,7,14,7,5,0,3,3,37,0,,enarutr01
500,Payton Sandfort,23,OKC,SF,4,0,63,13,26,.500,7,17,.412,6,9,.667,.635,2,4,.500,1,9,10,0,1,0,1,8,35,0,,sandfpa01
501,Riley Minix,25,2TM,SF,9,0,58,14,23,.609,4,12,.333,10,11,.909,.696,3,3,1.000,2,4,6,5,2,1,3,5,35,0,,minixri01
501,Riley Minix,25,SAS,SF,3,0,8,4,6,.667,1,3,.333,3,3,1.000,.750,0,0,,1,1,2,1,1,0,0,1,9,0,,minixri01
501,Riley Minix,25,CLE,SF,6,0,50,10,17,.588,3,9,.333,7,8,.875,.676,3,3,1.000,1,3,4,4,1,1,3,4,26,0,,minixri01
502,Taj Gibson,40,MEM,C,10,1,97,12,26,.462,3,6,.500,9,20,.450,.519,7,8,.875,11,16,27,6,2,1,1,14,34,0,,gibsota01
503,Nigel Hayes-Davis,31,PHO,SF,27,0,195,15,46,.326,2,16,.125,13,30,.433,.348,2,4,.500,12,21,33,7,8,2,8,16,34,0,,hayesni01
504,Omer Yurtseven,27,GSW,C,9,0,104,11,26,.423,0,4,.000,11,22,.500,.423,12,18,.667,13,17,30,8,2,1,9,15,34,0,,yurtsom01
505,Eric Gordon,37,PHI,SG,6,0,74,12,21,.571,8,14,.571,4,7,.571,.762,1,2,.500,1,1,2,3,4,1,3,3,33,0,,gordoer01
506,Patrick Baldwin Jr.,23,3TM,SF,9,1,102,11,27,.407,6,14,.429,5,13,.385,.519,5,7,.714,12,11,23,5,3,5,5,15,33,0,,baldwpa01
506,Patrick Baldwin Jr.,23,LAC,SF,2,0,12,3,4,.750,2,3,.667,1,1,1.000,1.000,2,2,1.000,0,1,1,0,0,0,1,2,10,0,,baldwpa01
506,Patrick Baldwin Jr.,23,PHI,SF,1,0,2,0,0,,0,0,,0,0,,,0,0,,0,1,1,0,0,0,0,0,0,0,,baldwpa01
506,Patrick Baldwin Jr.,23,SAC,SF,6,1,88,8,23,.348,4,11,.364,4,12,.333,.435,3,5,.600,12,9,21,5,3,5,4,13,23,0,,baldwpa01
507,David Jones García,24,SAS,SF,11,0,68,13,25,.520,3,5,.600,10,20,.500,.580,3,6,.500,4,9,13,18,6,1,5,6,32,0,,jonesda06
508,DaQuan Jeffries,28,SAC,SG,3,0,60,11,19,.579,4,9,.444,7,10,.700,.684,5,5,1.000,3,2,5,1,2,0,0,9,31,0,,jeffrda01
509,Mason Plumlee,35,2TM,C,20,3,172,11,14,.786,0,0,,11,14,.786,.786,9,14,.643,17,36,53,20,10,0,12,17,31,0,,plumlma01
509,Mason Plumlee,35,CHO,C,14,2,125,9,12,.750,0,0,,9,12,.750,.750,8,12,.667,10,30,40,16,6,0,9,10,26,0,,plumlma01
509,Mason Plumlee,35,SAS,C,6,1,47,2,2,1.000,0,0,,2,2,1.000,1.000,1,2,.500,7,6,13,4,4,0,3,7,5,0,,plumlma01
510,Dereck Lively II,21,DAL,C,7,4,115,11,18,.611,0,0,,11,18,.611,.611,8,10,.800,14,23,37,13,4,11,10,21,30,0,,livelde01
511,Amari Williams,24,BOS,PF,22,2,146,10,20,.500,0,0,,10,20,.500,.500,10,14,.714,9,31,40,10,3,10,11,19,30,0,,william01
512,Curtis Jones,24,DEN,SG,10,0,88,11,27,.407,6,18,.333,5,9,.556,.519,1,2,.500,2,9,11,10,4,0,2,6,29,0,,jonescu01
513,Isaiah Crawford,24,HOU,SF,14,0,92,10,24,.417,3,13,.231,7,11,.636,.479,5,6,.833,3,13,16,5,2,3,4,4,28,0,,crawfis01
514,Luke Travers,24,CLE,SG,12,0,103,9,36,.250,1,16,.063,8,20,.400,.264,9,9,1.000,9,15,24,9,7,4,3,6,28,0,,travelu01
515,Antonio Reeves,25,CHO,SG,10,0,68,10,20,.500,7,13,.538,3,7,.429,.675,0,0,,2,6,8,3,1,0,1,3,27,0,,reevean01
516,Andersson Garcia,25,UTA,SF,5,2,169,9,29,.310,1,13,.077,8,16,.500,.328,7,9,.778,17,25,42,14,8,4,7,16,26,0,,garcian01
517,Josh Oduro,25,NOP,PF,3,1,82,11,17,.647,0,2,.000,11,15,.733,.647,3,6,.500,11,12,23,4,0,0,2,14,25,0,,odurojo01
518,Kadary Richmond,24,WAS,SG,3,0,67,10,16,.625,2,4,.500,8,12,.667,.688,3,3,1.000,1,9,10,8,8,1,2,2,25,0,,richmka01
519,Jahmir Young,25,MIA,PG,14,0,58,10,25,.400,3,9,.333,7,16,.438,.460,2,2,1.000,2,2,4,9,1,0,3,7,25,0,,youngja05
520,Bismack Biyombo,33,SAS,C,25,1,141,9,15,.600,0,0,,9,15,.600,.600,5,7,.714,5,21,26,5,4,2,8,27,23,0,,biyombi01
521,Javonte Cooke,26,POR,SG,19,0,94,9,41,.220,3,23,.130,6,18,.333,.256,2,2,1.000,4,15,19,7,6,0,9,6,23,0,,cookeja01
522,Zyon Pullin,24,MIN,SG,5,0,43,9,13,.692,1,3,.333,8,10,.800,.731,4,4,1.000,1,2,3,9,1,0,3,6,23,0,,pullizy01
523,Bobi Klintman,22,DET,SF,12,0,71,9,27,.333,4,13,.308,5,14,.357,.407,0,3,.000,5,14,19,6,3,0,6,11,22,0,,klintbo01
524,Mark Sears,23,MIL,PG,7,0,26,6,13,.462,4,8,.500,2,5,.400,.615,6,8,.750,1,1,2,2,0,0,4,4,22,0,,searsma01
525,Chris Boucher,33,BOS,PF,9,0,94,8,25,.320,2,15,.133,6,10,.600,.360,3,4,.750,2,16,18,3,5,7,1,17,21,0,,bouchch01
526,TyTy Washington Jr.,24,LAC,PG,16,0,88,9,19,.474,3,8,.375,6,11,.545,.553,0,0,,1,5,6,17,6,3,3,7,21,0,,washity02
527,Alex Antetokounmpo,24,MIL,SF,6,0,21,3,8,.375,2,7,.286,1,1,1.000,.500,11,15,.733,2,4,6,1,0,1,1,1,19,0,,antetal01
528,Monte Morris,30,IND,PG,6,0,65,7,20,.350,2,8,.250,5,12,.417,.400,2,4,.500,1,6,7,9,1,1,2,3,18,0,,morrimo01
529,Kyle Lowry,39,PHI,PG,14,0,118,4,25,.160,4,25,.160,0,0,,.240,5,6,.833,0,9,9,11,2,2,4,8,17,0,,lowryky01
530,Grant Nelson,23,BRK,PF,4,0,35,5,9,.556,0,0,,5,9,.556,.556,7,10,.700,1,5,6,5,1,5,4,6,17,0,,nelsogr02
531,Norchad Omier,24,LAC,PF,6,0,24,7,10,.700,0,1,.000,7,9,.778,.700,3,3,1.000,4,3,7,2,1,0,0,4,17,0,,omierno01
532,Garrett Temple,39,TOR,SG,22,0,73,4,15,.267,3,12,.250,1,3,.333,.367,6,9,.667,1,8,9,9,4,2,7,6,17,0,,templga01
533,Keshon Gilbert,22,2TM,SG,4,0,74,5,12,.417,0,3,.000,5,9,.556,.417,7,7,1.000,2,3,5,12,3,4,8,5,17,0,,gilbeke01
533,Keshon Gilbert,22,WAS,PG,3,0,48,1,4,.250,0,2,.000,1,2,.500,.250,4,4,1.000,2,3,5,3,2,4,6,3,6,0,,gilbeke01
533,Keshon Gilbert,22,ATL,SG,1,0,26,4,8,.500,0,1,.000,4,7,.571,.500,3,3,1.000,0,0,0,9,1,0,2,2,11,0,,gilbeke01
534,Mouhamadou Gueye,27,CHI,PF,2,0,45,6,11,.545,1,5,.200,5,6,.833,.591,3,4,.750,2,4,6,6,2,1,3,4,16,0,,gueyemo01
535,Emanuel Miller,25,CHI,PF,5,0,33,6,13,.462,2,6,.333,4,7,.571,.538,1,2,.500,1,2,3,4,2,0,0,2,15,0,,milleem01
536,John Tonje,24,BOS,SG,6,0,42,4,14,.286,3,10,.300,1,4,.250,.393,4,4,1.000,0,6,6,2,2,0,0,5,15,0,,tonjejo01
537,Lawson Lovering,22,MEM,C,2,1,49,6,10,.600,0,0,,6,10,.600,.600,2,5,.400,6,9,15,3,3,1,2,7,14,0,,loverla01
538,Olivier Sarr,26,CLE,C,4,0,39,5,7,.714,2,3,.667,3,4,.750,.857,2,5,.400,2,9,11,5,2,3,2,9,14,0,,sarrol01
539,Rocco Zikarsky,19,MIN,C,5,0,36,5,8,.625,0,0,,5,8,.625,.625,4,4,1.000,2,12,14,2,0,5,1,3,14,0,,zikarro01
540,Enrique Freeman,25,MIN,PF,4,0,37,4,8,.500,2,4,.500,2,4,.500,.625,3,4,.750,2,8,10,2,2,3,2,5,13,0,,freemen01
541,Trey Jemison,26,NYK,C,13,0,82,6,10,.600,0,0,,6,10,.600,.600,1,1,1.000,8,10,18,5,1,2,10,11,13,0,,jemistr01
542,Skal Labissière,29,WAS,PF,3,0,38,6,10,.600,1,5,.200,5,5,1.000,.650,0,0,,3,6,9,3,2,1,1,3,13,0,,labissk01
543,Sean Pedulla,23,LAC,PG,7,0,31,5,15,.333,3,10,.300,2,5,.400,.433,0,0,,0,3,3,5,0,0,1,4,13,0,,pedulse01
544,James Wiseman,24,IND,C,4,1,58,6,10,.600,0,0,,6,10,.600,.600,1,2,.500,5,3,8,3,0,1,5,10,13,0,,wisemja01
545,Hunter Dickinson,25,NOP,C,5,0,42,5,14,.357,0,4,.000,5,10,.500,.357,2,2,1.000,2,3,5,2,1,2,3,6,12,0,,dickihu01
546,CJ Huntley,24,PHO,SF,4,0,40,6,11,.545,0,3,.000,6,8,.750,.545,0,0,,2,3,5,2,1,0,0,2,12,0,,huntlcj01
547,Tristen Newton,24,HOU,SG,1,0,12,4,9,.444,2,5,.400,2,4,.500,.556,2,3,.667,2,1,3,0,1,0,0,0,12,0,,newtotr01
548,Dalano Banton,26,2TM,PG,6,0,62,4,12,.333,0,1,.000,4,11,.364,.333,4,4,1.000,2,3,5,11,2,5,8,3,12,0,,bantoda01
548,Dalano Banton,26,LAC,PG,2,0,10,3,4,.750,0,0,,3,4,.750,.750,0,0,,1,0,1,2,1,0,1,0,6,0,,bantoda01
548,Dalano Banton,26,BOS,PG,4,0,52,1,8,.125,0,1,.000,1,7,.143,.125,4,4,1.000,1,3,4,9,1,5,7,3,6,0,,bantoda01
549,Harrison Ingram,23,SAS,SF,7,0,26,5,6,.833,1,1,1.000,4,5,.800,.917,0,0,,3,0,3,1,0,0,1,2,11,0,,ingraha01
550,Mo Bamba,27,2TM,C,4,0,44,5,11,.455,0,0,,5,11,.455,.455,0,0,,10,12,22,1,0,3,2,6,10,0,,bambamo01
550,Mo Bamba,27,TOR,C,2,0,6,0,2,.000,0,0,,0,2,.000,.000,0,0,,1,1,2,0,0,1,0,2,0,0,,bambamo01
550,Mo Bamba,27,UTA,C,2,0,38,5,9,.556,0,0,,5,9,.556,.556,0,0,,9,11,20,1,0,2,2,4,10,0,,bambamo01
551,Johni Broome,23,PHI,C,11,0,55,4,24,.167,0,5,.000,4,19,.211,.167,2,6,.333,7,9,16,4,3,2,3,7,10,0,,broomjo01
552,Jayson Kent,23,POR,SF,5,0,22,4,7,.571,1,4,.250,3,3,1.000,.643,1,1,1.000,0,5,5,0,1,1,0,1,10,0,,kentja01
553,Wendell Moore Jr.,24,DET,SG,6,0,60,4,7,.571,0,1,.000,4,6,.667,.571,2,2,1.000,1,5,6,4,2,2,1,3,10,0,,moorewe01
554,Isaiah Stevens,25,SAC,PG,3,0,43,3,7,.429,0,1,.000,3,6,.500,.429,4,4,1.000,2,1,3,10,5,0,2,2,10,0,,steveis01
555,Dillon Jones,24,NYK,SF,7,0,39,2,9,.222,1,5,.200,1,4,.250,.278,4,4,1.000,2,5,7,4,3,0,0,6,9,0,,jonesdi01
556,Chris Livingston,22,CLE,SF,3,0,17,4,7,.571,0,3,.000,4,4,1.000,.571,1,1,1.000,0,3,3,1,1,0,0,4,9,0,,livinch01
557,Isaac Jones,25,2TM,PF,7,1,36,3,7,.429,0,2,.000,3,5,.600,.429,3,4,.750,2,3,5,1,0,1,1,4,9,0,,jonesis01
557,Isaac Jones,25,SAC,PF,3,1,17,1,2,.500,0,1,.000,1,1,1.000,.500,1,2,.500,2,0,2,1,0,0,0,4,3,0,,jonesis01
557,Isaac Jones,25,DET,PF,4,0,19,2,5,.400,0,1,.000,2,4,.500,.400,2,2,1.000,0,3,3,0,0,1,1,0,6,0,,jonesis01
558,Brandon Clarke,29,MEM,PF,2,2,20,3,9,.333,0,0,,3,9,.333,.333,2,4,.500,4,2,6,1,2,0,0,5,8,0,,clarkbr01
559,Trevor Keels,22,MIA,SG,8,0,15,3,12,.250,2,9,.222,1,3,.333,.333,0,0,,0,2,2,0,1,0,0,0,8,0,,keelstr01
560,Alex Morales,28,ORL,PG,4,0,24,3,7,.429,0,1,.000,3,6,.500,.429,2,2,1.000,1,2,3,4,0,0,4,7,8,0,,moralal01
561,Jacob Toppin,25,ATL,SF,5,0,17,4,6,.667,0,0,,4,6,.667,.667,0,0,,0,1,1,1,0,1,0,1,8,0,,toppija01
562,Vladislav Goldin,24,MIA,C,9,0,24,3,4,.750,0,0,,3,4,.750,.750,1,1,1.000,3,6,9,3,0,3,3,5,7,0,,goldivl01
563,Chris Mañon,24,LAL,SG,9,0,46,2,6,.333,0,3,.000,2,3,.667,.333,3,4,.750,2,8,10,3,5,2,1,6,7,0,,manonch01
564,Cody Martin,30,IND,SF,4,0,55,2,10,.200,0,5,.000,2,5,.400,.200,3,6,.500,1,13,14,2,4,2,4,5,7,0,,martico01
565,Orlando Robinson,25,ORL,C,4,1,25,3,5,.600,1,2,.500,2,3,.667,.700,0,0,,2,2,4,3,1,0,0,3,7,0,,robinor01
566,Hunter Sallis,22,PHI,SG,7,0,26,3,5,.600,0,0,,3,5,.600,.600,1,2,.500,0,1,1,4,0,1,5,2,7,0,,sallihu01
567,Max Shulga,23,BOS,SG,11,1,36,2,8,.250,1,4,.250,1,4,.250,.313,2,2,1.000,3,3,6,2,1,0,3,10,7,0,,shulgma01
568,Buddy Boeheim,26,OKC,SF,4,0,15,2,6,.333,2,6,.333,0,0,,.500,0,0,,0,0,0,0,0,0,0,1,6,0,,boehebu01
569,Hayden Gray,22,UTA,SG,1,0,25,2,3,.667,0,1,.000,2,2,1.000,.667,2,2,1.000,0,0,0,1,1,1,1,0,6,0,,grayha01
570,Colin Castleton,25,ORL,C,4,0,21,2,5,.400,0,0,,2,5,.400,.400,1,1,1.000,2,6,8,1,1,0,2,2,5,0,,castlco01
571,Drew Peterson,26,CHO,PF,6,0,64,2,16,.125,0,12,.000,2,4,.500,.125,1,2,.500,3,6,9,2,3,1,0,3,5,0,,peterdr01
572,Dario Šarić,31,SAC,C,5,0,41,1,6,.167,1,3,.333,0,3,.000,.250,2,2,1.000,1,5,6,2,0,0,2,3,5,0,,saricda01
573,Trentyn Flowers,20,CHI,SF,2,0,6,2,3,.667,0,1,.000,2,2,1.000,.667,0,0,,1,0,1,1,0,0,1,1,4,0,,flowetr01
574,Markelle Fultz,27,TOR,PG,5,0,36,2,11,.182,0,0,,2,11,.182,.182,0,0,,0,1,1,8,2,0,4,2,4,0,,fultzma01
575,N'Faly Dante,24,ATL,C,4,0,15,1,4,.250,0,0,,1,4,.250,.250,1,1,1.000,3,4,7,0,2,0,1,1,3,0,,nfalyda01
576,Colby Jones,23,DET,SG,1,0,7,1,3,.333,0,2,.000,1,1,1.000,.333,0,0,,0,4,4,2,0,0,0,1,2,0,,jonesco02
577,Stanley Umude,26,SAS,SG,2,0,7,1,2,.500,0,1,.000,1,1,1.000,.500,0,0,,0,0,0,1,1,0,0,2,2,0,,umudest01
578,Jahmyl Telfort,24,LAC,PF,8,0,32,0,4,.000,0,4,.000,0,0,,.000,1,4,.250,0,3,3,1,1,0,1,5,1,0,,telfoja01
579,Darius Brown II,26,CLE,SG,1,0,3,0,1,.000,0,0,,0,1,.000,.000,0,0,,0,1,1,0,0,0,0,0,0,0,,brownda04
580,Noa Essengue,19,CHI,PF,2,0,6,0,3,.000,0,2,.000,0,1,.000,.000,0,0,,0,0,0,0,1,0,0,1,0,0,,essenno01
581,Tosan Evbuomwan,24,NYK,SF,5,0,8,0,1,.000,0,0,,0,1,.000,.000,0,0,,1,1,2,0,0,0,0,1,0,0,,evbuoto01
582,Chucky Hepburn,22,TOR,PG,2,0,13,0,6,.000,0,5,.000,0,1,.000,.000,0,0,,0,1,1,2,1,0,1,2,0,0,,hepbuch01